,Player,Pos,Age,Tm,G,GS,MP,FG,FGA,FG%,3P,3PA,3P%,2P,2PA,2P%,eFG%,FT,FTA,FT%,ORB,DRB,TRB,AST,STL,BLK,TOV,PF,PTS,Year,W,L,W/L%,GB,PS/G,PA/G,SRS
0,Precious Achiuwa,C,23,TOR,20,0,18.2,2.9,7.0,0.407,0.5,2.3,0.2,2.4,4.8,0.505,0.439,1.9,2.4,0.809,1.5,3.8,5.3,1.0,0.5,0.6,1.1,1.6,8.1,2023,20,24,0.455,12.5,112.0,111.7,0.58
1,OG Anunoby,SF,25,TOR,40,40,37.0,6.7,14.4,0.463,2.0,5.4,0.363,4.7,9.0,0.522,0.53,2.7,3.2,0.828,1.6,4.2,5.8,2.2,2.2,0.8,2.3,3.2,17.9,2023,20,24,0.455,12.5,112.0,111.7,0.58
2,Dalano Banton,PG,23,TOR,22,2,10.1,2.0,4.7,0.423,0.6,2.0,0.302,1.4,2.8,0.508,0.486,0.6,0.8,0.824,0.4,1.0,1.5,1.2,0.5,0.5,0.6,1.1,5.2,2023,20,24,0.455,12.5,112.0,111.7,0.58
3,Scottie Barnes,PF,21,TOR,41,40,34.2,6.0,13.2,0.456,0.9,3.0,0.289,5.2,10.3,0.504,0.488,2.5,3.2,0.767,2.2,4.8,7.0,4.7,1.0,0.8,2.1,2.0,15.4,2023,20,24,0.455,12.5,112.0,111.7,0.58
4,Khem Birch,C,30,TOR,20,0,8.1,1.0,1.6,0.594,0.1,0.1,0.5,0.9,1.5,0.6,0.609,0.2,0.3,0.8,0.4,0.9,1.3,0.4,0.3,0.3,0.4,1.2,2.2,2023,20,24,0.455,12.5,112.0,111.7,0.58
5,Chris Boucher,PF,30,TOR,39,0,20.5,3.4,7.1,0.471,0.8,2.6,0.294,2.6,4.5,0.574,0.525,2.1,2.8,0.752,2.0,3.5,5.5,0.5,0.7,0.7,0.5,2.0,9.6,2023,20,24,0.455,12.5,112.0,111.7,0.58
7,Jeff Dowtin,PG,25,TOR,12,0,7.2,1.0,1.9,0.522,0.1,0.3,0.25,0.9,1.6,0.579,0.543,0.3,0.3,1.0,0.4,0.7,1.1,0.9,0.2,0.1,0.2,0.4,2.3,2023,20,24,0.455,12.5,112.0,111.7,0.58
8,Malachi Flynn,PG,24,TOR,32,1,14.8,1.9,5.2,0.376,1.1,2.8,0.385,0.8,2.3,0.365,0.482,0.4,0.5,0.765,0.3,1.3,1.6,1.5,0.3,0.1,0.5,1.5,5.4,2023,20,24,0.455,12.5,112.0,111.7,0.58
10,Juancho Hernangómez,PF,27,TOR,31,10,16.5,1.5,3.2,0.45,0.5,1.8,0.286,0.9,1.4,0.659,0.53,0.3,0.5,0.571,0.7,2.6,3.3,0.6,0.5,0.2,0.4,1.2,3.7,2023,20,24,0.455,12.5,112.0,111.7,0.58
11,Christian Koloko,C,22,TOR,40,19,15.6,1.5,3.0,0.492,0.0,0.2,0.111,1.4,2.7,0.523,0.496,0.9,1.3,0.66,1.7,1.7,3.4,0.5,0.3,1.1,0.5,2.6,3.8,2023,20,24,0.455,12.5,112.0,111.7,0.58
12,Otto Porter Jr.,SF,29,TOR,8,2,18.3,1.9,3.8,0.5,0.8,2.1,0.353,1.1,1.6,0.692,0.6,1.0,1.0,1.0,0.8,1.6,2.4,1.0,1.4,0.0,0.5,0.9,5.5,2023,20,24,0.455,12.5,112.0,111.7,0.58
13,Pascal Siakam,C,28,TOR,34,34,37.4,8.8,18.5,0.475,1.4,4.1,0.326,7.4,14.4,0.517,0.511,6.6,8.5,0.781,1.9,6.3,8.2,6.5,0.8,0.6,2.6,3.4,25.6,2023,20,24,0.455,12.5,112.0,111.7,0.58
14,Gary Trent Jr.,SG,24,TOR,37,27,32.4,6.2,14.3,0.436,2.5,7.1,0.36,3.7,7.2,0.509,0.525,3.2,3.9,0.828,0.5,1.9,2.4,1.5,1.7,0.2,1.0,1.7,18.2,2023,20,24,0.455,12.5,112.0,111.7,0.58
15,Fred VanVleet,PG,28,TOR,36,36,36.8,5.8,15.4,0.376,2.8,8.6,0.328,3.0,6.9,0.435,0.467,3.8,4.2,0.888,0.5,3.8,4.3,6.3,1.5,0.6,1.7,2.9,18.2,2023,20,24,0.455,12.5,112.0,111.7,0.58
16,Thaddeus Young,PF,34,TOR,35,9,16.5,2.2,4.0,0.543,0.1,0.7,0.174,2.1,3.3,0.615,0.557,0.4,0.5,0.737,1.6,2.0,3.6,1.6,1.1,0.1,0.7,1.8,4.9,2023,20,24,0.455,12.5,112.0,111.7,0.58
17,Steven Adams,C,29,MEM,39,39,26.8,3.6,6.1,0.594,0.0,0.0,0.0,3.6,6.1,0.597,0.594,1.0,2.8,0.342,4.9,6.4,11.3,2.3,0.8,1.2,1.9,2.3,8.3,2023,30,13,0.698,0.0,117.6,111.6,5.58
18,Santi Aldama,PF,22,MEM,40,16,22.7,3.4,7.0,0.482,1.3,3.5,0.374,2.1,3.5,0.589,0.575,1.4,2.0,0.722,1.2,3.8,5.0,1.3,0.7,0.8,0.7,2.2,9.5,2023,30,13,0.698,0.0,117.6,111.6,5.58
19,Desmond Bane,SG,24,MEM,23,23,30.7,7.4,16.4,0.452,3.2,7.5,0.424,4.3,9.0,0.476,0.549,3.7,4.1,0.894,0.6,4.4,5.0,4.0,0.8,0.3,2.1,2.4,21.7,2023,30,13,0.698,0.0,117.6,111.6,5.58
20,Dillon Brooks,SF,27,MEM,39,39,30.5,6.2,15.3,0.404,2.0,6.1,0.335,4.2,9.2,0.45,0.471,2.1,2.7,0.783,0.6,2.8,3.5,2.7,0.8,0.2,1.7,3.4,16.5,2023,30,13,0.698,0.0,117.6,111.6,5.58
21,Kennedy Chandler,PG,20,MEM,22,0,9.7,1.2,3.0,0.4,0.1,0.6,0.154,1.1,2.4,0.462,0.415,0.2,0.5,0.455,0.3,1.1,1.4,2.1,0.5,0.2,0.7,0.6,2.7,2023,30,13,0.698,0.0,117.6,111.6,5.58
22,Brandon Clarke,PF,26,MEM,37,3,19.5,4.2,6.3,0.661,0.0,0.2,0.167,4.1,6.1,0.674,0.663,1.9,2.5,0.742,1.4,4.0,5.4,1.1,0.5,0.7,1.1,2.4,10.2,2023,30,13,0.698,0.0,117.6,111.6,5.58
23,Jaren Jackson Jr.,C,23,MEM,27,27,26.1,5.9,11.3,0.518,1.5,4.0,0.37,4.4,7.3,0.599,0.584,3.4,4.4,0.773,1.9,4.9,6.8,1.0,1.0,3.3,1.5,3.0,16.6,2023,30,13,0.698,0.0,117.6,111.6,5.58
24,Tyus Jones,PG,26,MEM,43,7,23.7,4.1,9.1,0.445,1.6,4.1,0.39,2.5,5.0,0.491,0.533,1.1,1.4,0.783,0.3,2.0,2.3,4.8,1.0,0.0,0.9,0.4,10.8,2023,30,13,0.698,0.0,117.6,111.6,5.58
25,John Konchar,SG,26,MEM,39,22,24.6,2.6,5.7,0.451,1.2,3.2,0.373,1.4,2.5,0.551,0.556,0.5,0.6,0.87,0.9,4.2,5.2,1.5,1.1,0.3,0.6,1.5,6.9,2023,30,13,0.698,0.0,117.6,111.6,5.58
26,Jake LaRavia,PF,21,MEM,25,0,14.0,1.3,3.2,0.405,0.8,2.2,0.357,0.5,0.9,0.522,0.532,0.2,0.3,0.857,0.6,1.6,2.2,0.8,0.4,0.2,0.7,1.7,3.6,2023,30,13,0.698,0.0,117.6,111.6,5.58
27,Kenneth Lofton Jr.,PF,20,MEM,6,0,4.0,1.2,2.5,0.467,0.0,0.3,0.0,1.2,2.2,0.538,0.467,0.2,0.5,0.333,0.2,0.5,0.7,0.7,0.0,0.0,0.2,0.5,2.5,2023,30,13,0.698,0.0,117.6,111.6,5.58
28,Ja Morant,PG,23,MEM,36,36,32.0,9.8,20.8,0.469,1.7,5.3,0.326,8.0,15.5,0.517,0.51,6.3,8.3,0.753,1.1,4.6,5.7,7.9,1.0,0.3,3.5,1.7,27.5,2023,30,13,0.698,0.0,117.6,111.6,5.58
29,David Roddy,PF,21,MEM,39,1,18.6,2.5,6.1,0.415,0.9,3.2,0.29,1.6,2.9,0.554,0.492,0.6,1.1,0.581,0.6,2.2,2.8,0.7,0.4,0.3,0.8,1.5,6.6,2023,30,13,0.698,0.0,117.6,111.6,5.58
30,Xavier Tillman Sr.,PF,24,MEM,27,1,11.3,1.9,3.2,0.586,0.1,0.4,0.3,1.8,2.9,0.623,0.603,0.6,1.2,0.5,1.3,1.6,2.9,0.6,0.5,0.3,0.4,1.0,4.5,2023,30,13,0.698,0.0,117.6,111.6,5.58
32,Ziaire Williams,SF,21,MEM,17,1,17.8,2.6,6.0,0.441,0.8,2.9,0.265,1.9,3.1,0.604,0.505,0.5,0.6,0.9,0.4,2.5,2.9,1.0,0.5,0.2,1.2,2.1,6.6,2023,30,13,0.698,0.0,117.6,111.6,5.58
33,Bam Adebayo,C,25,MIA,40,40,35.1,8.6,16.1,0.536,0.0,0.3,0.1,8.6,15.8,0.543,0.537,4.2,5.2,0.804,2.9,7.3,10.1,3.1,1.1,0.9,2.8,3.0,21.4,2023,24,21,0.533,0.0,108.9,108.8,-0.08
34,Jimmy Butler,SF,33,MIA,31,31,34.4,7.3,14.3,0.511,0.6,2.0,0.323,6.6,12.3,0.542,0.534,6.9,8.1,0.852,2.2,4.2,6.4,5.2,2.1,0.4,1.8,1.3,22.1,2023,24,21,0.533,0.0,108.9,108.8,-0.08
35,Jamal Cain,SF,23,MIA,13,0,13.9,1.9,3.7,0.521,0.2,0.8,0.182,1.8,2.8,0.622,0.542,0.9,1.2,0.75,0.9,2.0,2.9,0.6,0.6,0.0,0.3,1.2,4.9,2023,24,21,0.533,0.0,108.9,108.8,-0.08
36,Dewayne Dedmon,C,33,MIA,29,0,11.7,2.2,4.3,0.512,0.4,1.2,0.306,1.8,3.1,0.596,0.556,1.1,1.5,0.727,1.0,2.7,3.7,0.5,0.2,0.4,0.7,2.0,5.9,2023,24,21,0.533,0.0,108.9,108.8,-0.08
37,Udonis Haslem,C,42,MIA,5,1,7.2,0.2,2.0,0.1,0.0,0.2,0.0,0.2,1.8,0.111,0.1,0.2,0.4,0.5,0.6,0.6,1.2,0.0,0.2,0.2,0.0,1.4,0.6,2023,24,21,0.533,0.0,108.9,108.8,-0.08
38,Tyler Herro,SG,23,MIA,33,33,35.3,7.5,16.8,0.445,3.3,8.5,0.384,4.2,8.3,0.507,0.542,2.7,3.0,0.918,0.5,5.5,5.9,4.4,0.9,0.3,2.5,1.8,21.0,2023,24,21,0.533,0.0,108.9,108.8,-0.08
39,Haywood Highsmith,SF,26,MIA,32,9,19.8,1.8,4.6,0.401,0.8,2.3,0.338,1.1,2.3,0.466,0.486,0.2,0.5,0.375,1.1,2.8,3.9,0.8,0.8,0.3,0.9,1.5,4.7,2023,24,21,0.533,0.0,108.9,108.8,-0.08
40,Nikola Jović,PF,19,MIA,15,8,13.6,1.9,4.6,0.406,0.5,2.3,0.229,1.3,2.3,0.588,0.464,1.2,1.3,0.947,0.6,1.5,2.1,0.7,0.5,0.1,0.7,1.3,5.5,2023,24,21,0.533,0.0,108.9,108.8,-0.08
41,Kyle Lowry,PG,36,MIA,36,36,35.0,4.1,10.4,0.398,2.2,6.5,0.336,1.9,3.9,0.504,0.504,2.6,3.0,0.862,0.8,3.7,4.4,5.6,1.1,0.5,2.1,2.9,13.1,2023,24,21,0.533,0.0,108.9,108.8,-0.08
42,Caleb Martin,PF,27,MIA,35,35,31.2,3.9,8.5,0.462,1.4,3.6,0.394,2.5,4.9,0.512,0.545,1.0,1.3,0.773,1.5,3.3,4.8,1.8,1.1,0.4,1.1,2.0,10.3,2023,24,21,0.533,0.0,108.9,108.8,-0.08
43,Victor Oladipo,SG,30,MIA,19,1,28.8,4.1,9.9,0.407,1.6,5.0,0.316,2.5,4.9,0.5,0.487,2.1,2.7,0.784,0.5,2.9,3.4,4.0,1.7,0.2,1.8,2.6,11.8,2023,24,21,0.533,0.0,108.9,108.8,-0.08
44,Duncan Robinson,SF,28,MIA,28,0,17.9,2.3,6.2,0.368,1.6,5.0,0.331,0.6,1.3,0.514,0.5,0.7,0.8,0.909,0.3,1.7,1.9,1.2,0.3,0.0,0.7,2.0,6.9,2023,24,21,0.533,0.0,108.9,108.8,-0.08
45,Orlando Robinson,C,22,MIA,17,1,15.2,2.1,3.7,0.556,0.0,0.3,0.0,2.1,3.4,0.603,0.556,0.6,0.8,0.786,1.6,2.7,4.4,0.9,0.5,0.4,0.6,1.9,4.8,2023,24,21,0.533,0.0,108.9,108.8,-0.08
47,Max Strus,SF,26,MIA,43,24,31.1,4.6,11.5,0.401,2.7,7.9,0.337,2.0,3.6,0.542,0.517,1.2,1.3,0.879,0.6,3.0,3.7,2.1,0.7,0.2,1.0,2.0,13.1,2023,24,21,0.533,0.0,108.9,108.8,-0.08
48,Gabe Vincent,PG,26,MIA,31,5,25.4,3.5,8.3,0.416,1.6,4.9,0.32,1.9,3.4,0.558,0.512,1.0,1.1,0.857,0.4,1.8,2.2,2.8,0.9,0.1,1.5,2.4,9.5,2023,24,21,0.533,0.0,108.9,108.8,-0.08
49,Ochai Agbaji,SG,22,UTA,24,0,12.1,1.5,3.2,0.481,0.7,1.8,0.381,0.9,1.5,0.6,0.584,0.3,0.6,0.571,0.5,0.9,1.4,0.4,0.1,0.1,0.2,1.1,4.1,2023,23,24,0.489,9.0,117.6,116.9,0.76
50,Nickeil Alexander-Walker,SG,24,UTA,32,3,15.9,2.5,5.2,0.488,1.1,2.7,0.395,1.5,2.5,0.588,0.59,0.8,1.1,0.686,0.3,1.6,1.8,2.2,0.7,0.4,1.3,1.8,6.9,2023,23,24,0.489,9.0,117.6,116.9,0.76
52,Malik Beasley,SG,26,UTA,47,9,27.0,5.0,12.4,0.399,3.0,8.6,0.355,1.9,3.9,0.497,0.521,0.8,0.9,0.837,0.5,3.0,3.5,1.7,0.9,0.2,1.1,1.3,13.7,2023,23,24,0.489,9.0,117.6,116.9,0.76
54,Jordan Clarkson,SG,30,UTA,46,46,32.7,7.6,16.8,0.451,2.7,7.7,0.351,4.9,9.1,0.537,0.532,3.2,3.9,0.818,1.1,3.0,4.1,4.3,0.5,0.2,2.9,2.0,21.1,2023,23,24,0.489,9.0,117.6,116.9,0.76
55,Mike Conley,PG,35,UTA,35,34,29.4,3.4,8.8,0.386,1.8,5.0,0.354,1.6,3.8,0.429,0.487,1.7,2.2,0.789,0.4,1.9,2.3,7.5,1.0,0.2,1.6,2.2,10.3,2023,23,24,0.489,9.0,117.6,116.9,0.76
56,Simone Fontecchio,SF,27,UTA,23,0,8.8,1.2,3.3,0.373,0.8,2.3,0.352,0.4,0.9,0.429,0.5,0.4,0.6,0.643,0.4,0.7,1.1,0.3,0.1,0.2,0.5,0.9,3.7,2023,23,24,0.489,9.0,117.6,116.9,0.76
57,Rudy Gay,PF,36,UTA,32,0,15.0,1.7,4.7,0.353,0.5,2.4,0.224,1.1,2.3,0.486,0.41,0.5,0.7,0.762,0.6,2.4,3.0,0.8,0.5,0.4,0.6,1.2,4.3,2023,23,24,0.489,9.0,117.6,116.9,0.76
58,Talen Horton-Tucker,SG,22,UTA,37,1,15.8,2.6,6.6,0.396,0.7,2.7,0.257,1.9,3.9,0.493,0.449,1.1,1.5,0.75,0.4,2.0,2.4,2.3,0.7,0.4,1.2,1.4,7.1,2023,23,24,0.489,9.0,117.6,116.9,0.76
60,Lauri Markkanen,SF,25,UTA,42,42,34.2,8.3,16.0,0.519,2.9,7.1,0.413,5.4,8.9,0.604,0.611,5.1,5.8,0.869,1.8,6.8,8.6,1.9,0.6,0.6,1.9,2.1,24.6,2023,23,24,0.489,9.0,117.6,116.9,0.76
61,Kelly Olynyk,C,31,UTA,39,39,28.5,4.0,8.0,0.503,1.5,3.5,0.413,2.6,4.5,0.575,0.595,2.6,3.2,0.831,1.1,3.8,5.0,3.3,1.1,0.6,2.3,4.0,12.2,2023,23,24,0.489,9.0,117.6,116.9,0.76
63,Collin Sexton,SG,24,UTA,34,10,24.1,4.9,9.9,0.497,1.0,2.5,0.395,3.9,7.4,0.532,0.548,3.6,4.2,0.84,0.9,1.4,2.3,2.9,0.6,0.1,1.7,2.4,14.4,2023,23,24,0.489,9.0,117.6,116.9,0.76
64,Jarred Vanderbilt,PF,23,UTA,45,41,24.7,3.4,6.0,0.57,0.3,1.0,0.326,3.1,5.0,0.619,0.597,1.3,1.9,0.698,2.5,5.6,8.1,2.8,1.0,0.3,1.5,2.6,8.6,2023,23,24,0.489,9.0,117.6,116.9,0.76
65,Grayson Allen,SG,27,MIL,40,38,27.2,3.4,7.7,0.437,1.8,4.7,0.392,1.6,3.1,0.504,0.555,1.8,2.0,0.901,0.9,2.7,3.6,2.7,0.8,0.2,1.1,1.5,10.4,2023,28,16,0.636,0.0,112.2,111.1,1.04
66,Giannis Antetokounmpo,PF,28,MIL,35,35,33.7,10.9,20.8,0.524,0.7,2.9,0.245,10.2,17.9,0.569,0.541,8.5,12.9,0.653,2.3,9.7,11.9,5.3,0.8,0.9,4.0,3.5,31.0,2023,28,16,0.636,0.0,112.2,111.1,1.04
67,Thanasis Antetokounmpo,SF,30,MIL,20,0,4.3,0.2,0.7,0.214,0.0,0.2,0.0,0.2,0.5,0.3,0.214,0.2,0.3,0.5,0.3,0.7,1.0,0.2,0.1,0.2,0.4,0.4,0.5,2023,28,16,0.636,0.0,112.2,111.1,1.04
68,MarJon Beauchamp,SF,22,MIL,32,9,15.5,2.2,5.5,0.395,1.1,3.3,0.324,1.1,2.3,0.5,0.492,0.6,0.8,0.72,1.0,1.5,2.5,0.7,0.5,0.1,1.0,1.6,6.0,2023,28,16,0.636,0.0,112.2,111.1,1.04
69,Jevon Carter,PG,27,MIL,44,30,24.7,2.8,7.0,0.399,1.5,3.8,0.381,1.3,3.1,0.42,0.503,0.5,0.6,0.815,0.5,2.2,2.7,2.8,1.1,0.5,1.2,2.0,7.5,2023,28,16,0.636,0.0,112.2,111.1,1.04
70,Pat Connaughton,SG,30,MIL,28,12,23.4,2.8,7.7,0.361,1.9,6.0,0.317,0.9,1.8,0.51,0.484,0.4,0.7,0.6,0.6,3.6,4.2,1.0,0.6,0.1,0.6,1.1,7.9,2023,28,16,0.636,0.0,112.2,111.1,1.04
71,A.J. Green,SG,23,MIL,21,0,9.7,1.8,3.8,0.468,1.3,3.1,0.424,0.4,0.6,0.692,0.646,0.2,0.2,1.0,0.2,1.0,1.1,0.4,0.2,0.0,0.2,1.0,5.0,2023,28,16,0.636,0.0,112.2,111.1,1.04
72,George Hill,PG,36,MIL,32,0,19.9,1.8,3.9,0.448,0.7,2.1,0.309,1.1,1.8,0.614,0.532,1.0,1.4,0.727,0.4,1.7,2.1,2.7,0.6,0.1,0.8,1.2,5.2,2023,28,16,0.636,0.0,112.2,111.1,1.04
73,Jrue Holiday,PG,32,MIL,33,31,32.5,6.9,15.1,0.459,2.4,6.2,0.382,4.6,8.9,0.512,0.537,2.6,3.0,0.869,1.2,3.7,4.9,7.4,1.4,0.4,3.2,1.9,18.8,2023,28,16,0.636,0.0,112.2,111.1,1.04
74,Serge Ibaka,C,33,MIL,16,0,11.6,1.6,3.4,0.481,0.4,1.1,0.333,1.3,2.3,0.556,0.537,0.5,0.8,0.615,0.9,1.8,2.8,0.3,0.1,0.4,0.7,1.4,4.1,2023,28,16,0.636,0.0,112.2,111.1,1.04
75,Joe Ingles,SF,35,MIL,12,0,20.3,2.2,6.3,0.347,1.6,5.0,0.317,0.6,1.3,0.467,0.473,0.3,0.3,1.0,0.5,1.5,2.0,3.7,0.5,0.1,1.8,1.3,6.2,2023,28,16,0.636,0.0,112.2,111.1,1.04
76,Brook Lopez,C,34,MIL,43,43,30.6,5.5,11.0,0.504,2.0,5.0,0.396,3.5,5.9,0.596,0.595,1.5,1.9,0.778,2.1,4.4,6.5,1.2,0.5,2.5,1.4,2.4,14.5,2023,28,16,0.636,0.0,112.2,111.1,1.04
77,Sandro Mamukelashvili,C,23,MIL,19,0,8.8,0.8,2.4,0.333,0.3,1.3,0.24,0.5,1.1,0.45,0.4,0.4,0.6,0.583,0.6,1.7,2.3,0.7,0.1,0.2,0.3,0.7,2.3,2023,28,16,0.636,0.0,112.2,111.1,1.04
78,Wesley Matthews,SG,36,MIL,27,0,14.6,0.9,2.8,0.329,0.7,2.3,0.311,0.2,0.6,0.4,0.454,0.3,0.4,0.9,0.7,0.9,1.6,0.6,0.5,0.2,0.4,1.4,2.9,2023,28,16,0.636,0.0,112.2,111.1,1.04
79,Khris Middleton,SF,31,MIL,7,7,24.4,3.6,11.0,0.325,1.6,5.9,0.268,2.0,5.1,0.389,0.396,2.4,2.7,0.895,0.1,2.4,2.6,4.4,0.6,0.1,1.6,2.6,11.1,2023,28,16,0.636,0.0,112.2,111.1,1.04
80,Jordan Nwora,SF,24,MIL,31,3,16.6,2.2,5.6,0.387,1.2,2.9,0.416,1.0,2.7,0.357,0.494,1.0,1.2,0.842,0.7,2.5,3.2,1.0,0.3,0.1,1.0,0.8,6.5,2023,28,16,0.636,0.0,112.2,111.1,1.04
81,Bobby Portis,PF,27,MIL,44,12,26.6,5.9,11.9,0.495,1.2,3.5,0.329,4.7,8.4,0.565,0.544,1.3,1.5,0.824,2.6,7.4,10.0,1.8,0.5,0.3,1.3,1.7,14.2,2023,28,16,0.636,0.0,112.2,111.1,1.04
82,Jarrett Allen,C,24,CLE,38,38,33.1,5.6,8.9,0.63,0.0,0.2,0.0,5.6,8.7,0.644,0.63,2.7,3.7,0.725,3.1,6.7,9.8,1.7,0.8,1.2,1.4,2.2,13.9,2023,28,17,0.622,0.5,111.5,106.9,4.67
84,Darius Garland,PG,23,CLE,36,36,35.9,7.4,16.4,0.448,2.4,6.0,0.398,5.0,10.4,0.477,0.521,4.3,4.9,0.865,0.4,2.4,2.8,7.8,1.2,0.1,3.1,2.1,21.4,2023,28,17,0.622,0.5,111.5,106.9,4.67
85,Caris LeVert,SG,28,CLE,41,20,30.8,4.4,10.7,0.416,1.5,4.1,0.353,3.0,6.5,0.455,0.484,2.0,2.7,0.727,0.7,3.3,4.0,3.6,0.8,0.2,1.6,2.3,12.3,2023,28,17,0.622,0.5,111.5,106.9,4.67
86,Robin Lopez,C,34,CLE,25,1,8.6,1.3,2.0,0.64,0.0,0.0,1.0,1.2,2.0,0.633,0.65,0.4,0.6,0.714,0.8,0.7,1.5,0.4,0.0,0.1,0.7,1.1,3.0,2023,28,17,0.622,0.5,111.5,106.9,4.67
87,Kevin Love,PF,34,CLE,37,3,20.5,2.8,7.3,0.387,1.7,4.9,0.35,1.1,2.3,0.465,0.506,1.4,1.6,0.881,1.1,6.2,7.2,2.0,0.2,0.2,1.2,1.7,8.8,2023,28,17,0.622,0.5,111.5,106.9,4.67
88,Donovan Mitchell,SG,26,CLE,40,40,36.1,9.8,20.2,0.484,3.7,9.4,0.395,6.0,10.7,0.562,0.576,5.2,5.9,0.869,0.9,3.0,3.9,4.8,1.4,0.4,3.0,2.5,28.4,2023,28,17,0.622,0.5,111.5,106.9,4.67
89,Evan Mobley,PF,21,CLE,43,43,33.9,5.8,10.5,0.555,0.2,1.1,0.196,5.6,9.4,0.596,0.565,2.6,3.7,0.694,2.4,6.4,8.8,2.7,0.7,1.3,2.0,2.8,14.5,2023,28,17,0.622,0.5,111.5,106.9,4.67
91,Raul Neto,PG,30,CLE,28,0,10.5,1.2,2.3,0.524,0.3,1.0,0.333,0.9,1.3,0.667,0.595,0.5,0.6,0.875,0.2,0.7,0.9,1.4,0.4,0.0,0.3,0.9,3.2,2023,28,17,0.622,0.5,111.5,106.9,4.67
92,Isaac Okoro,SF,22,CLE,45,15,19.3,2.0,4.3,0.458,0.6,2.0,0.315,1.3,2.3,0.583,0.531,1.0,1.3,0.759,0.6,1.9,2.5,0.8,0.7,0.4,0.6,1.9,5.5,2023,28,17,0.622,0.5,111.5,106.9,4.67
93,Cedi Osman,SF,27,CLE,43,0,22.2,3.4,7.3,0.463,1.3,4.0,0.339,2.0,3.3,0.613,0.556,1.0,1.6,0.652,0.3,2.1,2.3,1.5,0.5,0.1,0.8,1.8,9.1,2023,28,17,0.622,0.5,111.5,106.9,4.67
94,Ricky Rubio,PG,32,CLE,3,0,13.3,1.7,4.3,0.385,1.0,3.0,0.333,0.7,1.3,0.5,0.5,0.3,0.7,0.5,0.0,2.0,2.0,1.0,0.0,0.0,0.0,2.0,4.7,2023,28,17,0.622,0.5,111.5,106.9,4.67
95,Lamar Stevens,PF,25,CLE,29,18,20.8,2.3,5.3,0.432,0.5,1.8,0.294,1.8,3.6,0.5,0.481,0.8,1.2,0.706,0.7,2.8,3.5,0.7,0.4,0.5,0.6,1.3,6.0,2023,28,17,0.622,0.5,111.5,106.9,4.67
96,Dean Wade,PF,26,CLE,17,9,24.1,2.2,4.9,0.452,1.4,3.3,0.411,0.9,1.6,0.536,0.589,0.5,0.8,0.692,0.6,3.5,4.1,1.0,0.7,0.4,0.4,2.5,6.4,2023,28,17,0.622,0.5,111.5,106.9,4.67
97,Jose Alvarado,PG,24,NOP,43,8,21.5,3.3,8.1,0.41,1.4,4.1,0.337,1.9,4.0,0.485,0.496,1.1,1.4,0.787,0.4,2.0,2.5,3.2,1.3,0.1,1.4,2.0,9.2,2023,26,18,0.591,4.5,117.0,113.3,3.59
98,Dyson Daniels,PG,19,NOP,35,8,19.3,1.7,3.8,0.455,0.5,1.5,0.358,1.2,2.3,0.519,0.527,0.4,0.7,0.577,0.7,2.7,3.4,2.3,0.9,0.2,0.9,2.0,4.4,2023,26,18,0.591,4.5,117.0,113.3,3.59
99,Devonte' Graham,PG,27,NOP,44,0,15.1,1.5,4.3,0.347,1.1,3.5,0.32,0.4,0.8,0.459,0.476,0.9,1.2,0.784,0.3,1.2,1.5,2.2,0.5,0.2,0.5,0.8,5.0,2023,26,18,0.591,4.5,117.0,113.3,3.59
100,Jaxson Hayes,C,22,NOP,24,1,13.5,1.8,3.4,0.519,0.1,0.8,0.167,1.6,2.6,0.619,0.537,1.1,1.8,0.628,0.8,2.1,2.9,0.8,0.3,0.4,0.6,1.5,4.8,2023,26,18,0.591,4.5,117.0,113.3,3.59
101,Willy Hernangómez,C,28,NOP,21,0,11.8,2.3,4.4,0.516,0.0,0.3,0.167,2.2,4.1,0.54,0.522,2.2,2.8,0.797,2.0,2.7,4.7,0.9,0.3,0.3,1.1,1.6,6.9,2023,26,18,0.591,4.5,117.0,113.3,3.59
102,Brandon Ingram,SF,25,NOP,15,15,32.1,7.3,15.4,0.472,1.9,4.0,0.467,5.4,11.4,0.474,0.532,4.4,5.1,0.868,0.5,4.6,5.1,4.7,0.9,0.7,2.8,2.2,20.8,2023,26,18,0.591,4.5,117.0,113.3,3.59
103,Herbert Jones,SF,24,NOP,29,29,28.0,3.4,7.9,0.426,0.8,2.8,0.296,2.6,5.1,0.497,0.478,2.4,3.1,0.775,1.2,2.5,3.7,2.1,1.5,0.7,1.2,3.3,10.0,2023,26,18,0.591,4.5,117.0,113.3,3.59
104,Kira Lewis Jr.,PG,21,NOP,5,0,8.2,1.6,3.4,0.471,0.2,0.8,0.25,1.4,2.6,0.538,0.5,1.6,1.6,1.0,0.2,1.0,1.2,0.2,0.2,0.0,0.6,1.0,5.0,2023,26,18,0.591,4.5,117.0,113.3,3.59
105,Naji Marshall,SF,25,NOP,42,16,25.0,3.6,8.2,0.441,1.1,3.3,0.338,2.5,4.9,0.51,0.509,2.1,2.6,0.793,0.8,3.0,3.7,2.4,0.8,0.2,1.3,1.5,10.5,2023,26,18,0.591,4.5,117.0,113.3,3.59
106,CJ McCollum,SG,31,NOP,39,39,35.2,8.0,18.4,0.434,3.0,7.5,0.401,5.0,10.9,0.457,0.515,2.3,2.9,0.783,0.8,3.8,4.6,5.8,1.0,0.6,2.6,1.7,21.3,2023,26,18,0.591,4.5,117.0,113.3,3.59
107,Trey Murphy III,SF,22,NOP,41,31,28.7,4.3,9.0,0.482,2.2,5.5,0.403,2.1,3.5,0.608,0.606,1.8,2.0,0.925,0.9,2.9,3.8,1.3,1.0,0.5,0.8,2.1,12.7,2023,26,18,0.591,4.5,117.0,113.3,3.59
108,Larry Nance Jr.,PF,30,NOP,34,0,22.4,3.3,5.4,0.617,0.3,0.8,0.385,3.0,4.6,0.656,0.645,0.8,1.1,0.692,1.6,3.9,5.6,1.8,0.9,0.8,0.8,2.3,7.7,2023,26,18,0.591,4.5,117.0,113.3,3.59
110,Garrett Temple,SG,36,NOP,14,0,7.8,0.9,2.1,0.433,0.6,1.4,0.421,0.4,0.8,0.455,0.567,0.2,0.3,0.75,0.1,0.6,0.7,0.5,0.6,0.1,0.2,0.8,2.6,2023,26,18,0.591,4.5,117.0,113.3,3.59
111,Jonas Valančiūnas,C,30,NOP,44,44,25.2,5.7,10.5,0.538,0.6,1.8,0.359,5.0,8.8,0.574,0.568,2.7,3.3,0.839,2.8,6.9,9.8,1.8,0.3,0.5,2.0,3.0,14.7,2023,26,18,0.591,4.5,117.0,113.3,3.59
112,Zion Williamson,PF,22,NOP,29,29,33.0,9.8,16.2,0.608,0.2,0.7,0.368,9.6,15.5,0.618,0.615,6.1,8.6,0.714,2.0,5.0,7.0,4.6,1.1,0.6,3.4,2.2,26.0,2023,26,18,0.591,4.5,117.0,113.3,3.59
113,Kyle Anderson,PF,29,MIN,34,19,26.0,2.9,5.9,0.49,0.5,1.3,0.4,2.4,4.6,0.516,0.535,1.6,2.1,0.786,0.6,3.8,4.4,3.9,1.2,0.8,1.4,2.1,8.0,2023,22,23,0.489,9.0,115.0,115.4,-0.82
114,Anthony Edwards,SG,21,MIN,45,45,36.2,8.6,18.8,0.457,2.6,7.2,0.36,6.0,11.6,0.517,0.526,4.1,5.4,0.765,0.6,5.4,6.0,4.4,1.7,0.5,3.2,2.7,23.9,2023,22,23,0.489,9.0,115.0,115.4,-0.82
115,Bryn Forbes,SG,29,MIN,22,0,10.7,1.1,3.4,0.338,0.5,1.8,0.256,0.7,1.6,0.429,0.405,0.6,0.6,1.0,0.2,0.4,0.6,0.6,0.3,0.0,0.4,0.9,3.3,2023,22,23,0.489,9.0,115.0,115.4,-0.82
116,Luka Garza,C,24,MIN,13,0,7.2,1.8,3.5,0.533,0.2,0.9,0.25,1.6,2.5,0.636,0.567,1.3,1.6,0.81,0.9,1.0,1.9,0.5,0.2,0.1,0.4,1.2,5.2,2023,22,23,0.489,9.0,115.0,115.4,-0.82
117,Rudy Gobert,C,30,MIN,39,39,30.5,5.1,7.5,0.679,0.0,0.1,0.0,5.1,7.4,0.686,0.679,3.1,4.6,0.67,3.3,8.2,11.5,0.8,0.8,1.3,1.7,3.0,13.3,2023,22,23,0.489,9.0,115.0,115.4,-0.82
118,Nathan Knight,PF,25,MIN,21,0,6.0,1.0,1.5,0.656,0.1,0.3,0.429,0.9,1.2,0.72,0.703,0.8,1.2,0.654,0.5,0.8,1.3,0.3,0.2,0.1,0.5,0.7,3.0,2023,22,23,0.489,9.0,115.0,115.4,-0.82
120,Jaden McDaniels,PF,22,MIN,42,42,30.4,4.5,8.5,0.524,1.2,3.0,0.389,3.3,5.5,0.597,0.592,1.3,1.7,0.757,1.3,2.4,3.7,2.0,1.1,1.0,1.5,3.5,11.4,2023,22,23,0.489,9.0,115.0,115.4,-0.82
121,Jordan McLaughlin,PG,26,MIN,18,0,15.9,1.6,3.7,0.424,0.4,1.9,0.235,1.1,1.8,0.625,0.485,0.5,0.5,1.0,0.4,1.3,1.7,3.6,0.8,0.1,0.8,0.4,4.1,2023,22,23,0.489,9.0,115.0,115.4,-0.82
122,Josh Minott,SF,20,MIN,7,0,2.3,0.4,0.7,0.6,0.0,0.1,0.0,0.4,0.6,0.75,0.6,0.6,0.6,1.0,0.3,0.4,0.7,0.3,0.1,0.3,0.0,0.3,1.4,2023,22,23,0.489,9.0,115.0,115.4,-0.82
123,Wendell Moore Jr.,SG,21,MIN,17,2,5.8,0.8,1.7,0.448,0.1,0.7,0.167,0.6,1.0,0.647,0.483,0.2,0.3,0.8,0.1,0.6,0.8,0.5,0.3,0.2,0.4,0.6,1.9,2023,22,23,0.489,9.0,115.0,115.4,-0.82
124,Jaylen Nowell,SG,23,MIN,45,1,20.2,4.5,10.3,0.441,1.1,3.8,0.283,3.4,6.4,0.534,0.494,1.3,1.6,0.781,0.6,2.1,2.7,2.2,0.7,0.1,1.0,1.6,11.4,2023,22,23,0.489,9.0,115.0,115.4,-0.82
125,Taurean Prince,SF,28,MIN,25,0,20.8,3.2,6.5,0.5,1.4,3.3,0.422,1.8,3.2,0.582,0.608,1.0,1.2,0.8,0.3,2.0,2.3,1.2,0.4,0.3,1.2,2.5,8.8,2023,22,23,0.489,9.0,115.0,115.4,-0.82
126,Naz Reid,C,23,MIN,37,4,17.8,4.3,7.8,0.551,1.0,2.8,0.353,3.3,5.0,0.659,0.613,1.0,1.5,0.649,1.2,3.7,4.9,0.9,0.5,0.9,1.2,2.3,10.5,2023,22,23,0.489,9.0,115.0,115.4,-0.82
127,Austin Rivers,SG,30,MIN,35,10,20.9,2.0,4.3,0.47,1.0,2.5,0.391,1.0,1.8,0.581,0.584,0.7,0.8,0.862,0.1,1.6,1.7,1.5,0.6,0.1,0.6,1.7,5.7,2023,22,23,0.489,9.0,115.0,115.4,-0.82
128,D'Angelo Russell,PG,26,MIN,42,42,32.5,6.0,13.0,0.461,2.3,6.3,0.365,3.7,6.7,0.552,0.549,2.8,3.2,0.859,0.5,2.5,3.0,6.2,1.1,0.5,2.6,2.2,17.1,2023,22,23,0.489,9.0,115.0,115.4,-0.82
129,Matt Ryan,SF,25,MIN,12,0,7.8,1.0,2.6,0.387,0.8,2.0,0.375,0.3,0.6,0.429,0.532,0.3,0.3,1.0,0.2,0.4,0.6,0.3,0.2,0.1,0.3,0.3,3.1,2023,22,23,0.489,9.0,115.0,115.4,-0.82
130,Karl-Anthony Towns,PF,27,MIN,21,21,33.8,7.3,14.4,0.505,1.8,5.6,0.325,5.5,8.9,0.618,0.568,4.4,5.0,0.885,1.7,6.5,8.2,5.3,0.8,0.7,3.1,3.9,20.8,2023,22,23,0.489,9.0,115.0,115.4,-0.82
131,Cole Anthony,PG,22,ORL,26,3,26.0,3.9,9.6,0.406,1.1,3.5,0.308,2.8,6.1,0.462,0.462,2.6,2.9,0.893,0.6,3.9,4.5,4.3,0.7,0.4,1.6,3.0,11.4,2023,16,28,0.364,7.5,110.5,114.3,-3.76
132,Mo Bamba,C,24,ORL,35,5,17.6,2.7,5.5,0.495,1.0,2.7,0.376,1.7,2.8,0.606,0.586,1.0,1.4,0.694,1.2,3.6,4.8,1.0,0.3,1.0,0.6,2.2,7.4,2023,16,28,0.364,7.5,110.5,114.3,-3.76
133,Paolo Banchero,PF,20,ORL,37,37,34.1,6.9,15.8,0.439,1.4,4.3,0.316,5.6,11.5,0.485,0.482,5.9,7.8,0.76,1.1,5.6,6.6,3.8,1.1,0.5,2.9,2.5,21.1,2023,16,28,0.364,7.5,110.5,114.3,-3.76
134,Bol Bol,PF,23,ORL,39,32,25.7,4.9,8.5,0.585,0.7,1.8,0.377,4.3,6.7,0.64,0.624,1.3,1.8,0.743,1.3,5.6,6.9,0.9,0.5,1.5,1.9,1.4,11.9,2023,16,28,0.364,7.5,110.5,114.3,-3.76
135,Wendell Carter Jr.,C,23,ORL,25,22,30.6,5.7,10.9,0.522,1.2,3.5,0.356,4.4,7.4,0.6,0.579,3.2,4.1,0.775,2.1,6.4,8.6,2.8,0.4,0.6,2.2,2.9,15.8,2023,16,28,0.364,7.5,110.5,114.3,-3.76
136,Markelle Fultz,PG,24,ORL,23,23,27.8,5.2,10.3,0.502,0.4,1.3,0.323,4.7,9.0,0.529,0.523,1.4,2.1,0.667,1.2,2.9,4.1,5.6,1.7,0.3,2.4,2.0,12.2,2023,16,28,0.364,7.5,110.5,114.3,-3.76
137,R.J. Hampton,PG,21,ORL,25,0,14.4,2.0,4.6,0.439,0.7,2.1,0.34,1.3,2.4,0.525,0.518,1.2,1.5,0.838,0.4,1.2,1.6,1.4,0.6,0.2,0.8,0.9,6.0,2023,16,28,0.364,7.5,110.5,114.3,-3.76
138,Gary Harris,SG,28,ORL,16,10,23.4,3.0,6.6,0.457,1.3,3.4,0.389,1.7,3.2,0.529,0.557,1.1,1.2,0.895,0.6,1.8,2.3,1.3,0.8,0.2,0.9,2.3,8.4,2023,16,28,0.364,7.5,110.5,114.3,-3.76
139,Kevon Harris,SG,25,ORL,26,0,12.6,1.2,2.9,0.421,0.4,1.1,0.393,0.8,1.8,0.438,0.493,0.8,1.0,0.815,0.8,1.2,2.0,0.5,0.5,0.1,0.6,1.3,3.7,2023,16,28,0.364,7.5,110.5,114.3,-3.76
140,Caleb Houstan,SF,20,ORL,30,2,16.5,1.3,3.5,0.381,0.9,2.6,0.364,0.4,0.9,0.429,0.514,0.4,0.4,0.846,0.7,1.6,2.3,0.6,0.2,0.1,0.3,1.4,4.0,2023,16,28,0.364,7.5,110.5,114.3,-3.76
141,Chuma Okeke,SF,24,ORL,18,7,21.8,1.8,4.8,0.368,1.0,3.3,0.3,0.8,1.5,0.519,0.471,0.9,1.2,0.762,1.2,3.1,4.2,1.4,0.6,0.5,0.5,1.9,5.4,2023,16,28,0.364,7.5,110.5,114.3,-3.76
142,Terrence Ross,SG,31,ORL,40,9,22.5,3.1,7.2,0.429,1.4,3.8,0.373,1.7,3.4,0.493,0.528,0.4,0.5,0.75,0.3,1.8,2.1,1.3,0.6,0.2,0.9,1.3,8.0,2023,16,28,0.364,7.5,110.5,114.3,-3.76
143,Admiral Schofield,PF,25,ORL,25,0,13.3,1.8,3.7,0.478,0.7,2.2,0.333,1.0,1.5,0.684,0.576,0.7,0.8,0.895,0.8,1.3,2.1,0.9,0.2,0.1,0.2,2.0,4.9,2023,16,28,0.364,7.5,110.5,114.3,-3.76
144,Jalen Suggs,PG,21,ORL,20,13,24.4,3.8,9.2,0.41,1.1,4.2,0.262,2.7,5.0,0.535,0.47,1.8,2.5,0.7,1.0,2.0,3.0,4.3,1.3,0.6,2.5,2.5,10.4,2023,16,28,0.364,7.5,110.5,114.3,-3.76
145,Franz Wagner,SF,21,ORL,43,43,33.4,7.4,15.1,0.489,1.7,4.7,0.358,5.7,10.4,0.548,0.545,3.8,4.5,0.85,0.8,3.0,3.9,3.3,0.9,0.2,2.1,2.3,20.3,2023,16,28,0.364,7.5,110.5,114.3,-3.76
146,Moritz Wagner,C,25,ORL,23,14,23.7,4.0,8.0,0.492,1.1,3.5,0.325,2.8,4.6,0.619,0.562,2.7,3.2,0.849,1.8,4.3,6.1,2.0,0.8,0.2,1.6,3.1,11.7,2023,16,28,0.364,7.5,110.5,114.3,-3.76
148,RJ Barrett,SG,22,NYK,39,39,34.4,6.9,16.3,0.427,1.8,5.5,0.326,5.2,10.7,0.48,0.483,4.3,5.7,0.757,0.9,4.6,5.5,2.9,0.5,0.2,2.3,2.4,20.0,2023,25,20,0.556,8.0,114.3,111.3,2.5
149,Jalen Brunson,PG,26,NYK,42,42,34.0,8.1,17.2,0.47,1.8,4.5,0.394,6.3,12.7,0.497,0.521,4.5,5.3,0.851,0.6,3.1,3.7,6.3,0.9,0.2,2.1,2.3,22.4,2023,25,20,0.556,8.0,114.3,111.3,2.5
150,Evan Fournier,SG,30,NYK,19,7,18.4,2.3,6.5,0.35,1.3,4.2,0.313,0.9,2.3,0.419,0.451,0.8,1.0,0.842,0.1,1.9,2.1,1.5,0.6,0.2,0.9,1.8,6.7,2023,25,20,0.556,8.0,114.3,111.3,2.5
151,Quentin Grimes,SG,22,NYK,34,29,29.5,3.6,8.0,0.45,1.9,5.2,0.367,1.7,2.8,0.606,0.57,1.3,1.6,0.815,0.9,2.7,3.5,2.1,0.8,0.4,1.1,2.7,10.4,2023,25,20,0.556,8.0,114.3,111.3,2.5
152,Isaiah Hartenstein,C,24,NYK,45,7,18.6,2.1,4.3,0.49,0.2,0.7,0.242,1.9,3.6,0.54,0.51,0.7,0.9,0.756,2.7,3.4,6.2,0.7,0.6,0.7,0.8,2.3,5.1,2023,25,20,0.556,8.0,114.3,111.3,2.5
154,Miles McBride,PG,22,NYK,33,2,13.4,1.2,3.7,0.339,0.6,2.4,0.266,0.6,1.3,0.476,0.426,0.4,0.6,0.684,0.2,0.5,0.7,1.1,0.6,0.0,0.4,0.9,3.5,2023,25,20,0.556,8.0,114.3,111.3,2.5
155,Svi Mykhailiuk,SF,25,NYK,12,0,3.3,0.5,1.0,0.5,0.5,0.8,0.6,0.0,0.2,0.0,0.75,0.3,0.4,0.6,0.0,0.6,0.6,0.1,0.1,0.0,0.2,0.1,1.8,2023,25,20,0.556,8.0,114.3,111.3,2.5
156,Immanuel Quickley,PG,23,NYK,45,8,27.1,4.3,10.2,0.42,1.6,4.9,0.329,2.7,5.3,0.504,0.499,2.2,2.6,0.856,0.6,3.4,4.0,3.2,0.9,0.1,1.2,2.1,12.4,2023,25,20,0.556,8.0,114.3,111.3,2.5
157,Julius Randle,PF,28,NYK,45,45,35.7,8.2,17.9,0.457,2.6,7.7,0.34,5.6,10.2,0.546,0.53,5.4,7.2,0.751,2.2,8.4,10.6,3.9,0.7,0.4,2.7,3.1,24.4,2023,25,20,0.556,8.0,114.3,111.3,2.5
158,Cam Reddish,SF,23,NYK,20,8,21.9,3.1,6.8,0.449,0.9,2.8,0.304,2.2,4.0,0.55,0.511,1.5,1.7,0.879,0.4,1.2,1.6,1.0,0.8,0.4,0.8,1.6,8.4,2023,25,20,0.556,8.0,114.3,111.3,2.5
160,Derrick Rose,PG,34,NYK,26,0,12.9,2.3,6.0,0.394,0.7,2.3,0.317,1.6,3.7,0.442,0.455,0.4,0.5,0.917,0.3,1.2,1.5,1.8,0.3,0.2,0.8,0.7,5.8,2023,25,20,0.556,8.0,114.3,111.3,2.5
162,Obi Toppin,PF,24,NYK,30,0,16.0,2.5,6.3,0.404,1.2,3.6,0.346,1.3,2.7,0.481,0.503,0.5,0.6,0.842,0.6,2.9,3.5,1.0,0.4,0.2,0.7,1.1,6.8,2023,25,20,0.556,8.0,114.3,111.3,2.5
163,Deni Avdija,SF,22,WAS,42,30,25.7,2.9,6.9,0.424,0.8,3.0,0.274,2.1,4.0,0.536,0.483,1.4,1.7,0.792,1.0,4.9,6.0,2.6,0.7,0.5,1.5,3.0,8.0,2023,18,26,0.409,5.5,111.8,113.4,-0.9
164,Will Barton,SG,32,WAS,36,0,20.2,2.7,7.2,0.375,1.3,3.5,0.365,1.4,3.7,0.383,0.463,0.8,1.1,0.789,0.2,2.6,2.8,2.5,0.4,0.3,1.1,1.1,7.5,2023,18,26,0.409,5.5,111.8,113.4,-0.9
165,Bradley Beal,SG,29,WAS,24,24,33.6,8.6,16.4,0.525,1.5,4.4,0.34,7.1,12.0,0.594,0.571,4.1,4.8,0.861,0.9,2.6,3.5,5.2,1.0,0.6,2.8,1.8,22.9,2023,18,26,0.409,5.5,111.8,113.4,-0.9
167,Johnny Davis,SG,20,WAS,10,0,5.0,0.4,1.3,0.308,0.0,0.3,0.0,0.4,1.0,0.4,0.308,0.3,0.3,1.0,0.1,0.6,0.7,0.2,0.0,0.1,0.1,1.2,1.1,2023,18,26,0.409,5.5,111.8,113.4,-0.9
170,Taj Gibson,C,37,WAS,26,2,9.8,1.5,2.7,0.551,0.1,0.5,0.214,1.3,2.1,0.636,0.572,0.7,1.0,0.704,0.6,1.2,1.8,0.6,0.4,0.3,0.5,1.9,3.8,2023,18,26,0.409,5.5,111.8,113.4,-0.9
171,Anthony Gill,PF,30,WAS,34,4,9.8,1.2,2.0,0.594,0.1,0.5,0.118,1.1,1.5,0.75,0.609,0.5,0.6,0.818,0.5,0.8,1.4,0.4,0.1,0.1,0.1,1.2,3.0,2023,18,26,0.409,5.5,111.8,113.4,-0.9
172,Jordan Goodwin,PG,24,WAS,35,4,19.0,2.6,5.6,0.462,0.7,1.8,0.397,1.9,3.8,0.493,0.525,0.8,1.1,0.737,1.0,2.5,3.5,2.7,1.0,0.5,1.0,1.8,6.7,2023,18,26,0.409,5.5,111.8,113.4,-0.9
173,Rui Hachimura,PF,24,WAS,28,0,24.2,5.2,10.5,0.492,1.0,2.8,0.346,4.2,7.8,0.544,0.537,1.5,2.0,0.768,0.7,3.7,4.4,1.2,0.4,0.4,1.3,1.3,12.9,2023,18,26,0.409,5.5,111.8,113.4,-0.9
174,Corey Kispert,SF,23,WAS,36,24,28.2,3.3,7.0,0.478,1.8,4.4,0.411,1.5,2.6,0.591,0.608,1.1,1.3,0.83,0.5,2.4,2.9,1.4,0.6,0.1,0.8,1.4,9.6,2023,18,26,0.409,5.5,111.8,113.4,-0.9
175,Kyle Kuzma,PF,27,WAS,43,43,35.3,8.2,18.0,0.457,2.5,7.3,0.339,5.7,10.7,0.539,0.526,2.7,3.7,0.717,1.0,6.5,7.5,3.9,0.5,0.4,3.0,2.5,21.6,2023,18,26,0.409,5.5,111.8,113.4,-0.9
176,Monte Morris,PG,27,WAS,38,38,28.6,3.9,8.5,0.466,1.3,3.3,0.386,2.7,5.1,0.518,0.542,1.1,1.3,0.784,0.4,3.0,3.3,5.4,0.8,0.2,1.0,1.5,10.2,2023,18,26,0.409,5.5,111.8,113.4,-0.9
177,Kristaps Porziņģis,C,27,WAS,39,39,32.9,7.3,15.5,0.474,1.9,5.4,0.344,5.5,10.0,0.545,0.535,5.7,6.9,0.815,1.9,6.8,8.8,2.4,1.0,1.5,2.2,2.9,22.2,2023,18,26,0.409,5.5,111.8,113.4,-0.9
180,Delon Wright,PG,30,WAS,15,0,20.3,2.0,4.9,0.405,0.5,2.3,0.235,1.5,2.7,0.55,0.459,1.1,1.3,0.842,0.7,1.9,2.5,3.4,2.1,0.3,0.9,1.3,5.6,2023,18,26,0.409,5.5,111.8,113.4,-0.9
181,Deandre Ayton,C,24,PHO,39,39,29.6,7.6,13.0,0.584,0.2,0.6,0.318,7.4,12.4,0.596,0.591,2.0,2.7,0.733,2.8,6.9,9.7,2.1,0.5,0.7,2.1,2.8,17.3,2023,21,24,0.467,4.5,112.6,112.2,0.75
183,Devin Booker,SG,26,PHO,29,29,34.6,9.8,20.4,0.477,2.3,6.2,0.37,7.4,14.2,0.524,0.534,5.3,6.2,0.85,0.8,3.8,4.6,5.6,0.9,0.4,2.4,2.7,27.1,2023,21,24,0.467,4.5,112.6,112.2,0.75
184,Mikal Bridges,SF,26,PHO,45,45,36.2,5.8,12.6,0.46,1.8,4.4,0.395,4.1,8.2,0.496,0.53,2.4,2.7,0.892,1.0,3.5,4.6,3.4,1.2,0.9,1.4,2.1,15.8,2023,21,24,0.467,4.5,112.6,112.2,0.75
185,Torrey Craig,SF,32,PHO,42,33,25.4,3.3,7.0,0.473,1.4,3.5,0.397,1.9,3.5,0.548,0.572,0.6,0.7,0.774,2.0,3.6,5.6,1.5,0.7,0.6,0.8,2.5,8.5,2023,21,24,0.467,4.5,112.6,112.2,0.75
186,Cameron Johnson,PF,26,PHO,8,8,25.3,4.6,10.4,0.446,2.8,6.4,0.431,1.9,4.0,0.469,0.578,1.0,1.4,0.727,0.6,2.8,3.4,1.8,1.1,0.4,0.3,1.8,13.0,2023,21,24,0.467,4.5,112.6,112.2,0.75
187,Jock Landale,C,27,PHO,38,2,14.6,2.4,4.7,0.517,0.3,1.4,0.241,2.1,3.3,0.637,0.553,1.4,1.7,0.831,1.7,2.3,3.9,0.9,0.2,0.6,0.9,1.8,6.6,2023,21,24,0.467,4.5,112.6,112.2,0.75
188,Damion Lee,SG,30,PHO,45,2,22.4,3.0,6.4,0.46,1.8,3.8,0.485,1.1,2.7,0.425,0.602,1.4,1.4,0.954,0.5,3.0,3.5,1.5,0.4,0.1,1.1,1.7,9.1,2023,21,24,0.467,4.5,112.6,112.2,0.75
189,Saben Lee,PG,23,PHO,3,0,19.0,2.7,5.3,0.5,0.3,1.0,0.333,2.3,4.3,0.538,0.531,4.3,5.3,0.813,0.3,2.0,2.3,3.0,0.3,0.0,1.0,1.7,10.0,2023,21,24,0.467,4.5,112.6,112.2,0.75
190,Josh Okogie,SG,24,PHO,39,1,12.5,1.6,3.9,0.411,0.5,1.6,0.281,1.1,2.2,0.506,0.47,1.1,1.6,0.721,1.4,1.6,2.9,1.1,0.6,0.4,0.8,1.4,4.8,2023,21,24,0.467,4.5,112.6,112.2,0.75
191,Chris Paul,PG,37,PHO,26,26,31.1,4.4,10.3,0.425,1.7,4.2,0.398,2.7,6.2,0.444,0.506,2.7,3.3,0.802,0.5,3.7,4.2,8.3,1.5,0.3,2.0,2.4,13.1,2023,21,24,0.467,4.5,112.6,112.2,0.75
192,Cameron Payne,PG,28,PHO,28,14,24.0,4.5,11.0,0.412,1.7,4.5,0.378,2.8,6.5,0.436,0.49,1.4,1.8,0.776,0.3,2.0,2.3,5.3,0.9,0.2,2.0,2.0,12.1,2023,21,24,0.467,4.5,112.6,112.2,0.75
193,Dario Šarić,PF,28,PHO,26,9,13.6,1.8,4.4,0.409,0.7,2.0,0.373,1.1,2.5,0.438,0.491,0.7,0.7,0.895,0.8,2.3,3.2,1.4,0.3,0.1,1.0,1.5,5.0,2023,21,24,0.467,4.5,112.6,112.2,0.75
194,Landry Shamet,SG,25,PHO,30,7,21.4,3.1,8.1,0.38,2.0,5.4,0.377,1.0,2.7,0.388,0.506,1.4,1.5,0.911,0.3,1.4,1.7,2.2,0.6,0.2,1.0,1.5,9.5,2023,21,24,0.467,4.5,112.6,112.2,0.75
195,Ish Wainright,SF,28,PHO,28,1,14.5,1.3,3.4,0.394,0.9,2.4,0.368,0.4,0.9,0.462,0.527,0.2,0.3,0.667,1.0,1.0,2.0,1.0,0.7,0.3,0.5,2.0,3.8,2023,21,24,0.467,4.5,112.6,112.2,0.75
196,Duane Washington Jr.,SG,22,PHO,27,3,13.3,3.2,8.6,0.375,1.3,3.7,0.35,1.9,4.9,0.394,0.45,0.6,0.9,0.667,0.0,1.1,1.1,2.0,0.2,0.1,1.2,0.7,8.3,2023,21,24,0.467,4.5,112.6,112.2,0.75
197,Marvin Bagley III,C,23,DET,25,13,21.3,4.3,8.0,0.537,0.4,1.3,0.273,4.0,6.7,0.589,0.56,1.6,2.1,0.769,2.1,3.8,5.9,0.6,0.5,0.7,0.9,2.0,10.6,2023,12,35,0.255,17.5,112.1,119.5,-6.48
198,Saddiq Bey,SF,23,DET,43,25,28.7,4.5,11.2,0.4,1.8,5.4,0.333,2.7,5.8,0.462,0.48,3.5,4.1,0.857,1.0,3.3,4.3,1.5,0.9,0.2,1.1,1.6,14.3,2023,12,35,0.255,17.5,112.1,119.5,-6.48
200,Bojan Bogdanović,PF,33,DET,44,44,31.4,7.1,14.6,0.487,2.4,5.9,0.415,4.7,8.7,0.535,0.57,4.6,5.2,0.885,0.5,3.1,3.6,2.8,0.6,0.1,2.3,1.8,21.2,2023,12,35,0.255,17.5,112.1,119.5,-6.48
201,Alec Burks,SG,31,DET,34,0,21.8,4.3,9.2,0.465,2.0,4.4,0.453,2.3,4.8,0.475,0.574,3.3,4.0,0.81,0.3,2.7,3.0,2.2,0.8,0.1,1.1,2.1,13.8,2023,12,35,0.255,17.5,112.1,119.5,-6.48
202,Cade Cunningham,PG,21,DET,12,12,33.3,7.8,18.7,0.415,1.4,5.1,0.279,6.3,13.6,0.466,0.453,3.0,3.6,0.837,1.0,5.2,6.2,6.0,0.8,0.6,3.3,2.8,19.9,2023,12,35,0.255,17.5,112.1,119.5,-6.48
203,Hamidou Diallo,SG,24,DET,39,0,16.3,3.2,5.6,0.562,0.1,0.5,0.278,3.0,5.2,0.587,0.573,1.4,2.6,0.56,1.1,2.4,3.5,0.9,0.7,0.2,1.1,2.2,7.9,2023,12,35,0.255,17.5,112.1,119.5,-6.48
204,Jalen Duren,C,19,DET,39,15,24.4,3.3,5.2,0.634,0.0,0.0,0.0,3.3,5.2,0.637,0.634,1.1,1.9,0.573,3.4,5.1,8.5,1.0,0.6,0.7,1.2,2.6,7.7,2023,12,35,0.255,17.5,112.1,119.5,-6.48
205,Killian Hayes,PG,21,DET,44,31,26.6,4.0,10.1,0.396,1.2,3.6,0.335,2.8,6.5,0.43,0.456,0.8,1.0,0.81,0.4,2.5,2.8,5.7,1.3,0.4,1.9,2.8,10.0,2023,12,35,0.255,17.5,112.1,119.5,-6.48
206,Jaden Ivey,SG,20,DET,43,42,30.2,5.2,12.7,0.41,1.3,4.2,0.324,3.8,8.5,0.452,0.463,3.4,4.7,0.728,1.0,3.1,4.1,4.3,0.9,0.2,2.8,3.0,15.1,2023,12,35,0.255,17.5,112.1,119.5,-6.48
207,Cory Joseph,PG,31,DET,35,2,15.6,1.7,4.2,0.392,0.6,1.8,0.313,1.1,2.4,0.452,0.459,0.7,1.0,0.765,0.3,1.0,1.3,3.1,0.4,0.1,0.7,1.5,4.6,2023,12,35,0.255,17.5,112.1,119.5,-6.48
209,Kevin Knox,PF,23,DET,37,1,14.6,2.1,4.5,0.467,1.1,2.9,0.37,1.0,1.6,0.644,0.587,0.7,0.9,0.788,0.4,2.0,2.4,0.4,0.3,0.3,0.7,1.8,6.0,2023,12,35,0.255,17.5,112.1,119.5,-6.48
210,Isaiah Livers,PF,24,DET,25,8,20.4,1.9,4.8,0.403,1.3,3.8,0.351,0.6,1.0,0.6,0.542,0.6,0.8,0.75,0.6,1.9,2.5,0.6,0.4,0.6,0.6,1.8,5.8,2023,12,35,0.255,17.5,112.1,119.5,-6.48
211,Rodney McGruder,SG,31,DET,19,2,10.2,1.0,2.7,0.365,0.8,2.0,0.395,0.2,0.7,0.286,0.51,0.4,0.6,0.727,0.5,0.8,1.4,0.6,0.3,0.0,0.4,0.8,3.2,2023,12,35,0.255,17.5,112.1,119.5,-6.48
212,Nerlens Noel,C,28,DET,12,3,11.8,1.0,2.3,0.444,0.1,0.2,0.5,0.9,2.1,0.44,0.463,0.3,0.5,0.667,0.6,2.3,2.8,0.6,1.1,0.8,0.5,1.8,2.4,2023,12,35,0.255,17.5,112.1,119.5,-6.48
214,Isaiah Stewart,C,21,DET,37,37,28.5,4.1,8.9,0.457,1.4,4.2,0.335,2.6,4.7,0.566,0.537,2.2,2.9,0.734,2.2,5.8,8.0,1.2,0.4,0.7,1.5,2.7,11.7,2023,12,35,0.255,17.5,112.1,119.5,-6.48
215,Patrick Baldwin Jr.,SF,20,GSW,14,0,8.4,1.8,4.1,0.431,1.4,3.3,0.435,0.4,0.9,0.417,0.603,0.2,0.3,0.75,0.0,1.5,1.5,0.2,0.4,0.1,0.4,0.5,5.2,2023,22,22,0.5,3.0,117.5,117.9,-0.81
216,Stephen Curry,PG,34,GSW,30,30,34.0,9.9,20.0,0.493,4.9,11.6,0.421,5.0,8.4,0.591,0.615,4.7,5.1,0.909,0.6,5.8,6.4,6.3,0.9,0.4,3.1,2.1,29.3,2023,22,22,0.5,3.0,117.5,117.9,-0.81
217,Donte DiVincenzo,SG,26,GSW,34,11,24.0,2.7,6.7,0.402,1.7,4.7,0.369,1.0,2.0,0.478,0.531,0.7,0.9,0.862,1.0,3.7,4.7,3.1,1.3,0.1,1.3,1.9,7.9,2023,22,22,0.5,3.0,117.5,117.9,-0.81
218,Draymond Green,PF,32,GSW,40,40,31.4,3.1,6.2,0.502,0.6,1.9,0.325,2.5,4.3,0.582,0.553,1.1,1.5,0.724,0.8,6.1,7.0,6.7,0.9,0.8,2.5,3.0,7.9,2023,22,22,0.5,3.0,117.5,117.9,-0.81
219,JaMychal Green,PF,32,GSW,28,1,14.9,2.3,4.5,0.512,0.5,1.8,0.265,1.8,2.7,0.671,0.564,0.8,1.1,0.733,1.4,2.6,4.0,0.8,0.5,0.4,1.1,2.0,5.8,2023,22,22,0.5,3.0,117.5,117.9,-0.81
221,Ty Jerome,SG,25,GSW,27,1,17.1,2.5,5.1,0.486,0.8,2.0,0.382,1.7,3.1,0.554,0.562,0.9,1.0,0.962,0.1,1.4,1.6,2.4,0.4,0.1,0.6,1.4,6.7,2023,22,22,0.5,3.0,117.5,117.9,-0.81
222,Jonathan Kuminga,PF,20,GSW,33,4,18.6,2.8,6.0,0.472,0.5,1.9,0.258,2.4,4.2,0.569,0.513,1.4,2.0,0.672,1.0,2.2,3.2,1.7,0.5,0.5,1.5,2.3,7.5,2023,22,22,0.5,3.0,117.5,117.9,-0.81
223,Anthony Lamb,SF,25,GSW,36,3,19.9,2.8,5.3,0.518,1.4,3.4,0.419,1.3,1.9,0.701,0.654,0.7,0.9,0.765,0.8,2.6,3.4,1.7,0.6,0.3,1.0,2.4,7.7,2023,22,22,0.5,3.0,117.5,117.9,-0.81
225,Moses Moody,SG,20,GSW,38,3,14.8,1.8,4.0,0.451,0.9,2.5,0.365,0.9,1.5,0.596,0.565,0.7,1.0,0.703,0.4,1.2,1.6,0.9,0.3,0.1,0.7,0.9,5.2,2023,22,22,0.5,3.0,117.5,117.9,-0.81
226,Jordan Poole,PG,23,GSW,44,22,30.2,7.1,16.3,0.437,2.6,8.1,0.318,4.5,8.2,0.552,0.515,4.2,4.8,0.869,0.4,2.3,2.6,4.4,0.8,0.3,3.5,2.4,21.0,2023,22,22,0.5,3.0,117.5,117.9,-0.81
227,Ryan Rollins,PG,20,GSW,12,0,5.2,0.6,1.7,0.35,0.3,0.8,0.333,0.3,0.9,0.364,0.425,0.5,0.5,1.0,0.3,0.8,1.0,0.5,0.1,0.1,1.3,0.8,1.9,2023,22,22,0.5,3.0,117.5,117.9,-0.81
228,Klay Thompson,SG,32,GSW,34,34,32.0,7.6,18.0,0.42,4.1,10.4,0.394,3.5,7.6,0.456,0.533,1.6,1.9,0.889,0.7,3.2,3.9,2.5,0.6,0.4,1.7,2.0,20.9,2023,22,22,0.5,3.0,117.5,117.9,-0.81
229,Andrew Wiggins,SF,27,GSW,27,27,31.8,7.0,14.5,0.482,2.7,6.7,0.407,4.3,7.8,0.548,0.577,1.1,1.9,0.608,1.6,3.4,5.0,2.3,1.4,0.8,1.3,2.9,17.9,2023,22,22,0.5,3.0,117.5,117.9,-0.81
230,James Wiseman,C,21,GSW,19,0,12.7,2.8,4.6,0.609,0.1,0.1,0.5,2.7,4.5,0.612,0.615,1.2,1.8,0.657,0.9,2.7,3.6,0.7,0.1,0.4,0.7,1.9,6.8,2023,22,22,0.5,3.0,117.5,117.9,-0.81
231,LaMelo Ball,PG,21,CHO,21,21,34.8,8.5,20.5,0.415,4.1,11.0,0.374,4.4,9.6,0.463,0.515,2.9,3.3,0.87,1.0,4.3,5.4,8.4,1.1,0.3,3.0,3.6,24.0,2023,11,34,0.244,13.0,112.2,118.9,-5.98
232,James Bouknight,SG,22,CHO,25,0,13.9,1.6,4.8,0.333,0.6,2.5,0.254,1.0,2.3,0.421,0.4,0.6,0.9,0.682,0.2,1.8,2.0,1.1,0.5,0.2,0.7,1.2,4.4,2023,11,34,0.244,13.0,112.2,118.9,-5.98
233,Gordon Hayward,SF,32,CHO,21,21,32.7,5.1,12.0,0.423,1.1,3.8,0.3,4.0,8.2,0.48,0.47,2.3,3.0,0.766,0.9,3.9,4.7,3.9,0.8,0.2,2.1,1.1,13.7,2023,11,34,0.244,13.0,112.2,118.9,-5.98
234,Kai Jones,C,22,CHO,25,0,9.1,1.1,2.2,0.5,0.1,0.4,0.273,1.0,1.8,0.556,0.527,0.3,0.4,0.727,0.8,1.2,2.0,0.2,0.2,0.4,0.4,1.2,2.7,2023,11,34,0.244,13.0,112.2,118.9,-5.98
235,Théo Maledon,PG,21,CHO,35,1,16.1,1.8,4.3,0.408,0.6,1.8,0.323,1.2,2.6,0.467,0.474,1.4,1.6,0.875,0.3,2.1,2.4,2.5,0.8,0.2,1.0,1.0,5.5,2023,11,34,0.244,13.0,112.2,118.9,-5.98
236,Cody Martin,SF,27,CHO,7,0,19.1,2.0,5.1,0.389,0.4,2.0,0.214,1.6,3.1,0.5,0.431,0.6,1.0,0.571,1.1,2.3,3.4,1.6,0.6,0.1,0.3,1.9,5.0,2023,11,34,0.244,13.0,112.2,118.9,-5.98
237,Jalen McDaniels,SF,25,CHO,45,17,26.8,4.1,8.8,0.461,1.3,3.6,0.358,2.8,5.2,0.532,0.534,1.8,2.0,0.859,0.8,3.9,4.8,2.0,1.1,0.6,1.4,2.9,11.2,2023,11,34,0.244,13.0,112.2,118.9,-5.98
238,Bryce McGowens,SG,20,CHO,18,0,11.6,1.1,2.7,0.388,0.3,0.9,0.375,0.7,1.8,0.394,0.449,0.7,0.8,0.857,0.2,1.1,1.2,0.8,0.2,0.2,0.4,0.4,3.1,2023,11,34,0.244,13.0,112.2,118.9,-5.98
239,Kelly Oubre Jr.,SF,27,CHO,35,30,32.6,7.5,17.8,0.421,2.3,7.4,0.308,5.2,10.4,0.503,0.486,2.9,4.0,0.714,1.5,3.6,5.1,1.2,1.6,0.4,1.3,3.0,20.2,2023,11,34,0.244,13.0,112.2,118.9,-5.98
242,Terry Rozier,SG,28,CHO,35,35,35.6,7.9,19.1,0.412,2.5,7.8,0.324,5.3,11.3,0.472,0.478,2.6,3.1,0.835,1.1,3.1,4.2,5.3,0.8,0.2,2.4,1.8,20.8,2023,11,34,0.244,13.0,112.2,118.9,-5.98
243,Dennis Smith Jr.,PG,25,CHO,23,11,25.6,3.4,8.1,0.425,0.5,1.9,0.256,3.0,6.2,0.476,0.454,0.7,1.0,0.667,0.4,2.3,2.8,4.8,1.6,0.5,1.4,2.3,8.0,2023,11,34,0.244,13.0,112.2,118.9,-5.98
244,JT Thor,PF,20,CHO,32,0,10.6,1.0,2.6,0.373,0.4,1.5,0.277,0.6,1.1,0.5,0.452,0.4,0.6,0.722,0.5,1.3,1.7,0.4,0.2,0.3,0.4,0.7,2.8,2023,11,34,0.244,13.0,112.2,118.9,-5.98
245,P.J. Washington,PF,24,CHO,44,44,32.3,5.7,12.9,0.439,2.0,5.6,0.363,3.6,7.3,0.498,0.519,1.8,2.3,0.8,1.1,3.5,4.5,2.3,0.8,1.1,1.5,2.7,15.2,2023,11,34,0.244,13.0,112.2,118.9,-5.98
247,Dominick Barlow,SF,19,SAS,4,0,6.5,0.8,1.8,0.429,0.0,0.8,0.0,0.8,1.0,0.75,0.429,1.0,1.0,1.0,0.5,0.3,0.8,0.8,0.3,0.0,0.0,0.8,2.5,2023,13,31,0.295,17.5,112.6,121.7,-8.54
248,Charles Bassey,C,22,SAS,24,1,13.6,2.0,2.9,0.671,0.1,0.3,0.333,1.9,2.7,0.703,0.686,0.7,1.0,0.667,1.8,3.4,5.2,1.2,0.3,0.9,1.2,2.1,4.7,2023,13,31,0.295,17.5,112.6,121.7,-8.54
249,Keita Bates-Diop,SF,27,SAS,31,12,17.5,2.9,5.6,0.52,0.5,1.4,0.372,2.4,4.2,0.569,0.566,1.1,1.4,0.814,1.1,1.6,2.7,0.7,0.6,0.2,0.8,0.8,7.5,2023,13,31,0.295,17.5,112.6,121.7,-8.54
250,Malaki Branham,SF,19,SAS,30,4,19.5,2.8,6.5,0.423,1.0,3.2,0.299,1.8,3.3,0.545,0.497,0.7,0.8,0.8,0.2,1.5,1.7,1.6,0.4,0.1,1.1,1.3,7.2,2023,13,31,0.295,17.5,112.6,121.7,-8.54
251,Zach Collins,C,25,SAS,33,7,20.3,3.6,6.7,0.536,0.6,1.6,0.377,3.0,5.1,0.586,0.581,1.5,2.2,0.704,1.9,3.8,5.8,2.5,0.4,0.8,1.9,3.4,9.3,2023,13,31,0.295,17.5,112.6,121.7,-8.54
252,Gorgui Dieng,C,33,SAS,14,1,10.9,1.4,3.4,0.417,0.7,2.4,0.303,0.7,1.1,0.667,0.521,0.2,0.3,0.75,1.0,2.0,3.0,1.9,0.1,0.5,0.9,1.6,3.8,2023,13,31,0.295,17.5,112.6,121.7,-8.54
253,Jordan Hall,SF,21,SAS,9,0,9.2,1.0,3.1,0.321,0.3,1.7,0.2,0.7,1.4,0.462,0.375,0.8,1.0,0.778,0.3,1.0,1.3,1.2,0.1,0.0,0.8,0.7,3.1,2023,13,31,0.295,17.5,112.6,121.7,-8.54
254,Alize Johnson,PF,26,SAS,4,0,7.5,0.8,1.5,0.5,0.0,0.5,0.0,0.8,1.0,0.75,0.5,0.3,0.5,0.5,0.5,2.0,2.5,0.3,0.3,0.0,1.0,0.8,1.8,2023,13,31,0.295,17.5,112.6,121.7,-8.54
255,Keldon Johnson,SF,23,SAS,38,38,32.1,7.4,17.5,0.421,2.4,7.1,0.338,5.0,10.4,0.477,0.489,4.0,5.2,0.772,0.8,3.9,4.8,2.7,0.7,0.2,2.2,1.9,21.1,2023,13,31,0.295,17.5,112.6,121.7,-8.54
256,Stanley Johnson,SF,26,SAS,17,0,13.6,2.3,4.0,0.574,0.8,1.6,0.481,1.5,2.4,0.634,0.669,0.8,1.3,0.591,0.5,2.2,2.6,2.4,0.4,0.2,0.8,1.7,6.1,2023,13,31,0.295,17.5,112.6,121.7,-8.54
257,Tre Jones,PG,23,SAS,43,43,30.0,5.3,11.8,0.451,0.8,2.7,0.289,4.5,9.1,0.497,0.483,2.4,2.7,0.896,0.8,2.9,3.7,6.4,1.3,0.2,1.9,1.6,13.8,2023,13,31,0.295,17.5,112.6,121.7,-8.54
258,Romeo Langford,SG,23,SAS,29,16,19.9,3.0,6.3,0.484,0.4,1.4,0.275,2.7,4.9,0.542,0.514,0.8,1.2,0.639,1.4,1.2,2.7,1.2,0.6,0.3,0.7,1.7,7.2,2023,13,31,0.295,17.5,112.6,121.7,-8.54
259,Doug McDermott,SF,31,SAS,38,0,20.5,3.9,8.0,0.487,1.9,4.5,0.421,2.0,3.5,0.571,0.605,0.8,1.1,0.738,0.3,2.1,2.4,1.4,0.1,0.2,0.9,1.7,10.5,2023,13,31,0.295,17.5,112.6,121.7,-8.54
261,Joshua Primo,SG,20,SAS,4,0,23.3,2.3,6.5,0.346,0.8,3.0,0.25,1.5,3.5,0.429,0.404,1.8,2.3,0.778,0.5,2.8,3.3,4.5,0.3,0.5,2.8,2.0,7.0,2023,13,31,0.295,17.5,112.6,121.7,-8.54
262,Josh Richardson,SG,29,SAS,34,3,23.1,4.1,9.3,0.442,1.8,4.9,0.361,2.4,4.4,0.53,0.536,1.3,1.4,0.878,0.6,1.9,2.5,3.3,0.9,0.2,1.5,1.7,11.3,2023,13,31,0.295,17.5,112.6,121.7,-8.54
263,Isaiah Roby,PF,24,SAS,32,1,10.7,1.5,3.4,0.44,0.4,1.5,0.298,1.1,1.9,0.548,0.505,0.4,0.9,0.448,0.4,2.0,2.4,1.0,0.4,0.2,0.6,1.1,3.8,2023,13,31,0.295,17.5,112.6,121.7,-8.54
264,Jeremy Sochan,PF,19,SAS,38,35,25.7,3.7,8.1,0.456,0.4,2.0,0.197,3.3,6.1,0.541,0.48,1.0,1.7,0.619,1.6,3.3,4.8,2.4,0.8,0.5,1.8,2.7,8.8,2023,13,31,0.295,17.5,112.6,121.7,-8.54
265,Devin Vassell,SG,22,SAS,29,24,31.3,7.1,16.0,0.445,2.8,7.0,0.404,4.3,9.0,0.477,0.533,2.4,3.0,0.793,0.2,3.8,4.0,3.6,1.2,0.4,1.6,1.4,19.4,2023,13,31,0.295,17.5,112.6,121.7,-8.54
266,Blake Wesley,SG,19,SAS,4,0,9.8,2.3,3.5,0.643,0.8,1.0,0.75,1.5,2.5,0.6,0.75,0.5,1.0,0.5,0.3,0.8,1.0,1.3,0.0,0.0,1.0,1.8,5.8,2023,13,31,0.295,17.5,112.6,121.7,-8.54
267,Harrison Barnes,PF,30,SAC,42,42,32.1,4.7,9.6,0.488,1.6,4.4,0.366,3.1,5.2,0.592,0.572,4.2,5.1,0.822,1.0,4.0,5.0,1.7,0.8,0.1,1.2,1.4,15.2,2023,24,18,0.571,0.0,120.0,117.0,2.36
268,Terence Davis,SG,25,SAC,34,4,13.0,2.3,5.5,0.42,1.3,3.6,0.347,1.1,1.9,0.563,0.535,0.6,0.6,0.864,0.4,2.0,2.5,1.3,0.8,0.3,0.9,1.8,6.5,2023,24,18,0.571,0.0,120.0,117.0,2.36
269,Matthew Dellavedova,PG,32,SAC,19,0,5.9,0.5,1.4,0.385,0.3,0.6,0.417,0.3,0.7,0.357,0.481,0.1,0.2,0.333,0.1,0.3,0.3,1.2,0.3,0.0,0.3,0.6,1.4,2023,24,18,0.571,0.0,120.0,117.0,2.36
272,De'Aaron Fox,PG,25,SAC,39,39,33.1,8.9,17.6,0.505,1.6,4.9,0.335,7.2,12.7,0.571,0.552,4.4,5.5,0.8,0.4,3.9,4.4,6.0,0.9,0.4,2.6,2.5,23.8,2023,24,18,0.571,0.0,120.0,117.0,2.36
273,Richaun Holmes,C,29,SAC,27,0,8.8,1.2,1.9,0.647,0.1,0.1,0.75,1.1,1.7,0.638,0.676,0.3,0.3,0.778,0.7,1.3,2.0,0.1,0.1,0.3,0.3,1.4,2.8,2023,24,18,0.571,0.0,120.0,117.0,2.36
274,Kevin Huerter,SG,24,SAC,39,39,31.1,5.6,11.7,0.479,2.9,7.0,0.418,2.7,4.7,0.571,0.604,1.5,2.1,0.72,0.5,2.7,3.3,2.9,1.1,0.3,1.5,2.7,15.7,2023,24,18,0.571,0.0,120.0,117.0,2.36
275,Alex Len,C,29,SAC,10,1,4.0,0.5,1.0,0.5,0.0,0.1,0.0,0.5,0.9,0.556,0.5,0.3,0.4,0.75,0.3,1.0,1.3,0.3,0.0,0.0,0.3,0.7,1.3,2023,24,18,0.571,0.0,120.0,117.0,2.36
276,Trey Lyles,PF,27,SAC,36,0,15.3,2.4,5.1,0.465,1.1,3.1,0.366,1.3,2.0,0.616,0.576,1.0,1.3,0.771,1.0,2.6,3.6,0.8,0.3,0.5,0.8,1.2,6.9,2023,24,18,0.571,0.0,120.0,117.0,2.36
277,Chimezie Metu,C,25,SAC,30,0,10.7,2.1,3.5,0.594,0.2,0.7,0.238,1.9,2.8,0.682,0.618,0.7,0.8,0.84,0.7,2.4,3.1,0.7,0.3,0.2,0.6,1.3,5.1,2023,24,18,0.571,0.0,120.0,117.0,2.36
278,Davion Mitchell,PG,24,SAC,41,3,19.1,2.5,5.4,0.466,0.9,2.5,0.343,1.7,2.9,0.571,0.545,0.3,0.4,0.722,0.2,1.3,1.5,2.2,0.6,0.2,0.9,1.5,6.2,2023,24,18,0.571,0.0,120.0,117.0,2.36
280,Malik Monk,SG,24,SAC,41,0,22.6,4.8,10.9,0.438,1.8,5.5,0.326,3.0,5.5,0.549,0.519,2.4,2.7,0.899,0.5,1.9,2.4,3.9,0.6,0.2,1.9,1.6,13.7,2023,24,18,0.571,0.0,120.0,117.0,2.36
281,Keegan Murray,SF,22,SAC,40,38,28.6,4.2,9.8,0.433,2.4,5.9,0.404,1.9,3.9,0.477,0.555,0.9,1.2,0.771,1.0,2.9,3.8,1.0,0.9,0.6,1.0,2.1,11.8,2023,24,18,0.571,0.0,120.0,117.0,2.36
282,KZ Okpala,PF,23,SAC,30,3,7.9,0.5,1.1,0.471,0.2,0.6,0.389,0.3,0.5,0.563,0.574,0.2,0.2,1.0,0.2,0.9,1.1,0.4,0.2,0.2,0.2,1.3,1.5,2023,24,18,0.571,0.0,120.0,117.0,2.36
284,Domantas Sabonis,C,26,SAC,41,41,34.3,7.0,11.4,0.61,0.5,1.2,0.38,6.5,10.2,0.637,0.63,4.4,5.9,0.749,3.0,9.6,12.6,7.1,0.8,0.5,2.6,3.6,18.9,2023,24,18,0.571,0.0,120.0,117.0,2.36
285,Nicolas Batum,PF,34,LAC,42,9,21.9,2.1,5.0,0.417,1.5,4.0,0.386,0.6,1.1,0.533,0.569,0.5,0.7,0.633,0.9,3.5,4.4,1.4,0.7,0.7,0.7,2.1,6.2,2023,23,22,0.511,2.5,109.4,109.9,-1.34
286,Brandon Boston Jr.,SG,21,LAC,16,0,9.6,1.8,4.8,0.368,0.6,1.4,0.435,1.1,3.3,0.34,0.434,1.3,1.6,0.769,0.4,0.9,1.3,0.8,0.4,0.0,0.3,0.6,5.4,2023,23,22,0.511,2.5,109.4,109.9,-1.34
288,Amir Coffey,SG,25,LAC,33,8,14.0,1.2,3.2,0.371,0.3,0.9,0.3,0.9,2.3,0.4,0.414,1.1,1.4,0.8,0.5,0.8,1.2,1.3,0.2,0.1,0.4,1.1,3.7,2023,23,22,0.511,2.5,109.4,109.9,-1.34
289,Robert Covington,PF,32,LAC,26,0,16.8,2.0,5.1,0.398,1.0,3.0,0.321,1.1,2.1,0.509,0.492,0.9,1.2,0.719,0.7,3.2,3.9,1.2,0.7,0.6,0.7,1.9,5.9,2023,23,22,0.511,2.5,109.4,109.9,-1.34
291,Paul George,SF,32,LAC,30,30,33.9,8.1,18.0,0.451,3.1,8.0,0.385,5.0,10.0,0.503,0.536,4.5,5.0,0.887,0.6,5.3,6.0,5.1,1.5,0.4,3.5,2.6,23.7,2023,23,22,0.511,2.5,109.4,109.9,-1.34
292,Reggie Jackson,PG,32,LAC,40,38,27.3,4.2,10.1,0.412,1.4,4.2,0.337,2.8,5.9,0.466,0.483,1.4,1.5,0.915,0.5,2.0,2.4,3.7,0.7,0.1,2.1,1.9,11.1,2023,23,22,0.511,2.5,109.4,109.9,-1.34
293,Luke Kennard,SG,26,LAC,29,8,22.1,3.1,6.3,0.489,1.9,4.0,0.462,1.2,2.3,0.537,0.636,0.7,0.7,0.95,0.2,2.3,2.5,1.2,0.6,0.1,0.9,1.4,8.7,2023,23,22,0.511,2.5,109.4,109.9,-1.34
294,Kawhi Leonard,SF,31,LAC,21,19,29.8,7.0,14.6,0.48,1.2,3.9,0.309,5.8,10.7,0.542,0.521,3.8,4.5,0.842,1.1,5.0,6.2,3.9,1.1,0.3,1.7,1.4,19.0,2023,23,22,0.511,2.5,109.4,109.9,-1.34
295,Terance Mann,SG,26,LAC,44,19,22.4,3.4,6.5,0.523,0.8,2.3,0.37,2.6,4.3,0.604,0.587,1.1,1.5,0.766,1.1,2.7,3.7,1.9,0.6,0.3,1.0,1.8,8.8,2023,23,22,0.511,2.5,109.4,109.9,-1.34
296,Marcus Morris,PF,33,LAC,41,41,29.5,5.0,11.2,0.441,2.1,5.5,0.382,2.9,5.7,0.498,0.535,1.3,1.6,0.803,0.5,4.2,4.8,1.7,0.7,0.5,1.0,2.3,13.3,2023,23,22,0.511,2.5,109.4,109.9,-1.34
297,Norman Powell,SG,29,LAC,35,5,25.3,5.3,11.3,0.472,1.7,4.4,0.39,3.6,6.9,0.525,0.548,3.3,4.2,0.777,0.3,2.7,3.0,1.7,0.8,0.4,1.7,2.0,15.6,2023,23,22,0.511,2.5,109.4,109.9,-1.34
298,Jason Preston,PG,23,LAC,8,0,8.4,1.0,2.6,0.381,0.5,1.4,0.364,0.5,1.3,0.4,0.476,0.0,0.3,0.0,0.1,1.1,1.3,1.8,0.1,0.0,0.5,0.6,2.5,2023,23,22,0.511,2.5,109.4,109.9,-1.34
299,John Wall,PG,32,LAC,34,3,22.2,4.1,9.9,0.408,1.0,3.2,0.303,3.1,6.7,0.459,0.457,2.3,3.3,0.681,0.4,2.3,2.7,5.2,0.8,0.4,2.4,1.7,11.4,2023,23,22,0.511,2.5,109.4,109.9,-1.34
300,Ivica Zubac,C,25,LAC,43,43,29.1,4.0,6.4,0.62,0.0,0.0,0.0,4.0,6.3,0.625,0.62,2.2,3.1,0.704,3.3,7.0,10.3,1.0,0.4,1.3,2.0,3.0,10.1,2023,23,22,0.511,2.5,109.4,109.9,-1.34
301,Darius Bazley,PF,22,OKC,28,1,16.4,2.1,4.9,0.438,0.5,1.4,0.359,1.6,3.5,0.469,0.489,1.1,2.1,0.552,0.9,2.8,3.6,1.0,0.6,1.0,0.7,1.1,5.9,2023,21,23,0.477,9.5,116.8,116.0,1.15
302,Ousmane Dieng,SF,19,OKC,14,0,15.7,1.8,4.2,0.424,0.7,2.4,0.294,1.1,1.8,0.6,0.508,0.1,0.3,0.25,0.4,2.4,2.9,1.4,0.4,0.3,0.5,0.9,4.4,2023,21,23,0.477,9.5,116.8,116.0,1.15
303,Luguentz Dort,SG,23,OKC,43,43,30.3,4.8,11.8,0.407,1.9,5.3,0.348,2.9,6.4,0.457,0.486,2.6,3.5,0.758,1.4,2.8,4.2,2.3,1.0,0.3,1.5,3.2,14.1,2023,21,23,0.477,9.5,116.8,116.0,1.15
304,Josh Giddey,SG,20,OKC,39,39,31.1,6.8,14.2,0.479,1.1,3.2,0.339,5.7,11.1,0.52,0.517,1.3,1.6,0.81,1.9,6.1,8.0,5.7,0.6,0.5,3.0,2.1,16.0,2023,21,23,0.477,9.5,116.8,116.0,1.15
305,Shai Gilgeous-Alexander,PG,24,OKC,40,40,35.7,10.1,20.1,0.503,1.0,2.8,0.348,9.2,17.3,0.528,0.527,9.4,10.4,0.908,0.8,4.1,4.9,5.5,1.7,1.1,3.1,2.7,30.7,2023,21,23,0.477,9.5,116.8,116.0,1.15
306,Isaiah Joe,SG,23,OKC,36,1,13.8,2.3,4.9,0.461,1.7,3.9,0.432,0.6,1.1,0.564,0.629,0.9,1.1,0.795,0.3,1.7,2.1,1.1,0.6,0.1,0.4,1.4,7.1,2023,21,23,0.477,9.5,116.8,116.0,1.15
307,Tre Mann,PG,21,OKC,39,4,19.7,3.3,8.4,0.391,1.4,4.5,0.307,1.9,3.9,0.49,0.474,0.5,0.7,0.704,0.4,1.9,2.4,1.7,0.7,0.2,1.0,1.5,8.4,2023,21,23,0.477,9.5,116.8,116.0,1.15
308,Mike Muscala,C,31,OKC,33,3,14.5,2.0,4.6,0.428,1.2,3.2,0.374,0.8,1.4,0.556,0.559,0.7,0.9,0.8,0.5,2.6,3.1,0.9,0.3,0.5,0.4,1.8,5.9,2023,21,23,0.477,9.5,116.8,116.0,1.15
309,Eugene Omoruyi,SF,25,OKC,20,2,12.4,2.1,4.3,0.482,0.4,1.5,0.276,1.7,2.8,0.589,0.529,0.7,1.1,0.619,1.0,1.4,2.3,0.6,0.7,0.0,0.7,2.1,5.2,2023,21,23,0.477,9.5,116.8,116.0,1.15
310,Aleksej Pokusevski,PF,21,OKC,31,25,21.8,3.5,7.8,0.44,1.2,3.3,0.376,2.2,4.6,0.486,0.519,0.7,1.1,0.636,1.5,3.6,5.1,2.0,0.6,1.3,1.3,1.8,8.8,2023,21,23,0.477,9.5,116.8,116.0,1.15
311,Jeremiah Robinson-Earl,PF,22,OKC,26,18,21.1,3.3,6.7,0.489,1.1,2.9,0.382,2.2,3.8,0.571,0.572,0.8,1.1,0.786,2.0,3.0,5.0,1.0,0.7,0.4,0.6,1.9,8.5,2023,21,23,0.477,9.5,116.8,116.0,1.15
312,Lindy Waters III,SG,25,OKC,18,0,11.4,1.4,3.7,0.394,1.3,3.4,0.377,0.2,0.3,0.6,0.568,0.3,0.4,0.714,0.4,1.3,1.7,0.8,0.3,0.3,0.3,0.9,4.4,2023,21,23,0.477,9.5,116.8,116.0,1.15
313,Aaron Wiggins,SG,24,OKC,34,7,17.9,2.4,4.8,0.491,0.7,1.7,0.404,1.7,3.1,0.538,0.561,0.9,1.1,0.811,1.0,2.3,3.3,1.4,0.5,0.2,0.9,1.6,6.3,2023,21,23,0.477,9.5,116.8,116.0,1.15
314,Jalen Williams,SG,21,OKC,40,27,28.1,4.8,9.3,0.509,0.8,2.7,0.292,4.0,6.7,0.596,0.551,1.4,1.9,0.737,0.7,3.1,3.9,2.9,1.0,0.5,1.6,2.5,11.7,2023,21,23,0.477,9.5,116.8,116.0,1.15
315,Jaylin Williams,PF,20,OKC,13,5,12.3,1.5,3.8,0.408,0.3,1.1,0.286,1.2,2.7,0.457,0.449,0.5,0.8,0.6,0.8,3.1,3.9,1.2,0.4,0.1,0.6,2.3,3.8,2023,21,23,0.477,9.5,116.8,116.0,1.15
316,Kenrich Williams,PF,28,OKC,36,5,21.6,3.1,5.8,0.541,0.9,2.1,0.434,2.2,3.7,0.602,0.62,0.3,0.7,0.462,1.8,3.0,4.8,1.4,0.7,0.3,0.4,2.0,7.5,2023,21,23,0.477,9.5,116.8,116.0,1.15
317,Dāvis Bertāns,PF,30,DAL,26,0,11.1,1.4,3.5,0.402,1.2,3.1,0.37,0.3,0.4,0.636,0.565,0.4,0.5,0.833,0.2,0.8,1.0,0.3,0.2,0.1,0.3,1.2,4.4,2023,24,21,0.533,7.0,112.7,112.3,0.48
318,Reggie Bullock,SF,31,DAL,43,30,29.3,2.0,5.4,0.364,1.5,4.5,0.338,0.4,0.8,0.5,0.506,0.4,0.6,0.654,0.5,3.0,3.4,1.1,0.7,0.2,0.4,2.2,5.8,2023,24,21,0.533,7.0,112.7,112.3,0.48
319,Facundo Campazzo,PG,31,DAL,8,0,6.5,0.4,1.6,0.231,0.4,1.4,0.273,0.0,0.3,0.0,0.346,0.1,0.3,0.5,0.0,0.3,0.3,1.1,0.8,0.0,0.4,0.4,1.3,2023,24,21,0.533,7.0,112.7,112.3,0.48
320,Spencer Dinwiddie,PG,29,DAL,44,44,33.8,5.7,12.2,0.465,2.5,6.2,0.405,3.2,6.0,0.527,0.568,2.7,3.3,0.833,0.4,2.6,3.0,5.2,0.8,0.3,1.6,2.4,16.6,2023,24,21,0.533,7.0,112.7,112.3,0.48
321,Luka Dončić,PG,23,DAL,40,40,37.4,11.4,22.8,0.498,2.8,8.1,0.351,8.5,14.8,0.578,0.56,8.3,11.3,0.73,1.0,8.0,9.0,8.8,1.6,0.6,3.7,2.9,33.8,2023,24,21,0.533,7.0,112.7,112.3,0.48
323,Dorian Finney-Smith,PF,29,DAL,31,31,31.6,3.0,7.5,0.401,1.9,5.4,0.345,1.1,2.1,0.547,0.526,0.5,0.8,0.64,1.4,2.6,4.0,1.2,1.0,0.5,0.9,1.9,8.4,2023,24,21,0.533,7.0,112.7,112.3,0.48
324,Josh Green,SG,22,DAL,25,1,20.3,2.4,4.1,0.583,1.0,2.2,0.444,1.4,2.0,0.735,0.699,1.3,1.8,0.711,0.9,1.4,2.3,1.2,0.9,0.0,0.7,2.5,7.0,2023,24,21,0.533,7.0,112.7,112.3,0.48
325,Tim Hardaway Jr.,SG,30,DAL,42,25,29.5,4.7,12.0,0.39,2.9,7.9,0.361,1.8,4.1,0.445,0.509,1.8,2.3,0.792,0.2,3.0,3.2,1.5,0.8,0.1,0.9,1.6,14.0,2023,24,21,0.533,7.0,112.7,112.3,0.48
326,Jaden Hardy,SG,20,DAL,18,0,11.1,2.3,5.5,0.414,0.6,2.3,0.268,1.7,3.2,0.517,0.47,1.3,1.6,0.828,0.1,1.2,1.2,0.7,0.2,0.1,0.6,1.4,6.5,2023,24,21,0.533,7.0,112.7,112.3,0.48
327,Maxi Kleber,C,31,DAL,22,0,25.6,2.3,4.7,0.49,1.1,3.0,0.369,1.2,1.8,0.692,0.606,0.5,0.6,0.786,0.9,2.7,3.5,1.0,0.3,1.0,0.6,2.2,6.2,2023,24,21,0.533,7.0,112.7,112.3,0.48
328,A.J. Lawson,SG,22,DAL,7,0,2.9,0.4,1.3,0.333,0.3,0.9,0.333,0.1,0.4,0.333,0.444,0.1,0.1,1.0,0.0,0.4,0.4,0.1,0.0,0.0,0.0,0.1,1.3,2023,24,21,0.533,7.0,112.7,112.3,0.48
329,JaVale McGee,C,35,DAL,28,7,8.0,1.7,2.8,0.615,0.0,0.1,0.25,1.7,2.6,0.635,0.622,0.5,0.9,0.542,0.6,1.8,2.5,0.3,0.1,0.6,0.9,1.2,3.9,2023,24,21,0.533,7.0,112.7,112.3,0.48
330,Frank Ntilikina,PG,24,DAL,26,2,13.5,1.1,3.0,0.364,0.4,1.7,0.227,0.7,1.3,0.545,0.429,0.4,0.6,0.667,0.2,1.3,1.5,1.3,0.3,0.1,0.7,1.5,2.9,2023,24,21,0.533,7.0,112.7,112.3,0.48
331,Theo Pinson,SG,27,DAL,23,0,5.5,0.5,1.5,0.353,0.4,1.0,0.375,0.1,0.4,0.3,0.485,0.3,0.4,0.889,0.1,1.0,1.2,0.6,0.1,0.0,0.2,0.4,1.8,2023,24,21,0.533,7.0,112.7,112.3,0.48
332,Dwight Powell,C,31,DAL,40,28,17.6,2.3,3.1,0.732,0.0,0.1,0.0,2.3,3.0,0.744,0.732,1.6,2.2,0.705,1.9,1.9,3.8,0.6,0.5,0.4,0.8,2.8,6.1,2023,24,21,0.533,7.0,112.7,112.3,0.48
333,Kemba Walker,PG,32,DAL,9,1,16.0,2.7,6.3,0.421,0.8,3.1,0.25,1.9,3.2,0.586,0.482,1.9,2.3,0.81,0.3,1.4,1.8,2.1,0.2,0.2,0.4,1.2,8.0,2023,24,21,0.533,7.0,112.7,112.3,0.48
334,Christian Wood,C,27,DAL,41,16,28.9,6.7,12.4,0.535,1.8,4.6,0.383,4.9,7.9,0.624,0.606,3.2,4.3,0.736,1.4,7.0,8.4,1.6,0.5,1.2,2.1,2.8,18.3,2023,24,21,0.533,7.0,112.7,112.3,0.48
335,McKinley Wright IV,PG,24,DAL,14,0,9.6,0.7,1.7,0.417,0.1,0.4,0.167,0.6,1.3,0.5,0.438,0.4,0.6,0.625,0.3,0.9,1.1,1.4,0.5,0.2,0.6,1.1,1.9,2023,24,21,0.533,7.0,112.7,112.3,0.48
336,Patrick Beverley,PG,34,LAL,35,35,26.4,2.0,5.1,0.394,1.1,3.3,0.342,0.9,1.8,0.492,0.506,0.8,0.9,0.818,0.6,2.9,3.5,2.5,0.8,0.6,1.0,2.8,6.0,2023,20,24,0.455,5.0,117.0,118.1,-1.36
338,Troy Brown Jr.,SF,23,LAL,38,20,23.4,2.5,5.8,0.438,1.2,3.2,0.361,1.4,2.6,0.536,0.539,0.5,0.5,1.0,0.7,3.1,3.9,0.7,0.8,0.2,0.8,1.4,6.7,2023,20,24,0.455,5.0,117.0,118.1,-1.36
339,Thomas Bryant,C,25,LAL,30,18,22.0,5.1,7.9,0.644,0.5,1.1,0.412,4.6,6.7,0.683,0.674,2.0,2.7,0.744,1.8,5.4,7.1,0.8,0.4,0.6,0.8,2.1,12.6,2023,20,24,0.455,5.0,117.0,118.1,-1.36
340,Max Christie,SG,19,LAL,26,2,13.8,1.3,3.1,0.413,0.7,1.7,0.422,0.5,1.3,0.4,0.531,0.2,0.2,0.833,0.3,1.9,2.2,0.5,0.1,0.2,0.3,0.8,3.5,2023,20,24,0.455,5.0,117.0,118.1,-1.36
341,Anthony Davis,C,29,LAL,25,25,33.4,10.2,17.2,0.594,0.4,1.2,0.29,9.8,15.9,0.618,0.605,6.6,8.0,0.826,3.1,9.0,12.1,2.6,1.3,2.1,1.9,2.7,27.4,2023,20,24,0.455,5.0,117.0,118.1,-1.36
342,Wenyen Gabriel,PF,25,LAL,35,2,15.8,2.7,4.3,0.627,0.3,0.7,0.391,2.4,3.6,0.669,0.657,0.9,1.3,0.717,1.7,2.4,4.1,0.5,0.4,0.7,0.7,2.3,6.6,2023,20,24,0.455,5.0,117.0,118.1,-1.36
343,LeBron James,PF,38,LAL,34,34,36.2,11.6,22.6,0.511,2.0,6.7,0.293,9.6,15.9,0.604,0.555,4.6,6.1,0.758,1.3,7.1,8.4,7.0,1.0,0.5,3.2,1.6,29.7,2023,20,24,0.455,5.0,117.0,118.1,-1.36
344,Damian Jones,C,27,LAL,19,1,8.9,1.1,1.9,0.556,0.0,0.2,0.0,1.1,1.7,0.606,0.556,0.8,1.1,0.75,0.9,1.9,2.8,0.2,0.2,0.6,0.4,0.8,2.9,2023,20,24,0.455,5.0,117.0,118.1,-1.36
345,Kendrick Nunn,SG,27,LAL,36,2,13.2,2.5,6.3,0.399,0.9,3.0,0.312,1.6,3.3,0.479,0.474,0.4,0.5,0.842,0.1,1.1,1.2,0.9,0.3,0.0,0.8,0.8,6.4,2023,20,24,0.455,5.0,117.0,118.1,-1.36
346,Scotty Pippen Jr.,PG,22,LAL,5,0,5.2,0.6,2.0,0.3,0.2,0.6,0.333,0.4,1.4,0.286,0.35,0.8,1.4,0.571,0.4,0.4,0.8,0.2,0.4,0.2,0.4,0.6,2.2,2023,20,24,0.455,5.0,117.0,118.1,-1.36
347,Austin Reaves,SG,24,LAL,36,12,28.9,3.4,7.1,0.488,1.3,3.5,0.36,2.2,3.6,0.612,0.577,2.6,2.9,0.896,0.6,2.4,3.1,2.2,0.6,0.4,1.4,1.7,10.8,2023,20,24,0.455,5.0,117.0,118.1,-1.36
348,Matt Ryan,SF,25,LAL,12,0,10.8,1.3,4.1,0.306,1.1,2.9,0.371,0.2,1.2,0.143,0.439,0.3,0.4,0.8,0.2,1.0,1.2,0.3,0.2,0.0,0.3,1.2,3.9,2023,20,24,0.455,5.0,117.0,118.1,-1.36
349,Dennis Schröder,PG,29,LAL,30,27,29.7,4.0,9.4,0.431,1.3,3.5,0.362,2.8,5.9,0.472,0.498,2.9,3.3,0.878,0.2,2.1,2.2,3.7,0.6,0.0,1.6,2.1,12.2,2023,20,24,0.455,5.0,117.0,118.1,-1.36
351,Juan Toscano-Anderson,SF,29,LAL,24,7,13.3,1.2,2.3,0.518,0.2,0.8,0.222,1.0,1.6,0.658,0.554,0.3,0.5,0.727,0.5,1.8,2.3,0.9,0.4,0.3,0.6,1.7,2.9,2023,20,24,0.455,5.0,117.0,118.1,-1.36
352,Lonnie Walker IV,SG,24,LAL,32,32,29.8,5.3,11.7,0.455,2.1,5.4,0.384,3.3,6.3,0.515,0.543,2.0,2.3,0.875,0.3,2.0,2.3,1.4,0.8,0.3,1.0,1.7,14.7,2023,20,24,0.455,5.0,117.0,118.1,-1.36
353,Russell Westbrook,PG,34,LAL,41,3,28.7,5.8,13.8,0.421,1.2,4.0,0.291,4.6,9.8,0.475,0.464,2.9,4.3,0.678,1.1,5.5,6.6,7.8,1.0,0.5,3.6,2.3,15.7,2023,20,24,0.455,5.0,117.0,118.1,-1.36
377,Goga Bitadze,C,23,IND,19,0,9.9,1.4,2.6,0.551,0.2,0.7,0.286,1.2,1.8,0.657,0.592,0.5,0.9,0.5,1.1,1.2,2.3,0.9,0.4,0.5,0.5,1.8,3.5,2023,23,22,0.511,5.5,115.5,116.3,-0.64
378,Oshae Brissett,SF,24,IND,39,0,16.4,1.9,4.5,0.423,0.8,2.4,0.34,1.1,2.1,0.519,0.514,1.4,2.1,0.683,0.9,2.6,3.5,0.5,0.6,0.2,0.5,1.3,6.1,2023,23,22,0.511,5.5,115.5,116.3,-0.64
379,Kendall Brown,SG,19,IND,6,0,6.7,0.7,1.2,0.571,0.0,0.2,0.0,0.7,1.0,0.667,0.571,0.2,0.3,0.5,0.3,0.7,1.0,0.5,0.7,0.0,0.3,1.5,1.5,2023,23,22,0.511,5.5,115.5,116.3,-0.64
380,Chris Duarte,SF,25,IND,24,6,17.5,2.3,6.9,0.331,1.1,3.7,0.292,1.2,3.2,0.377,0.41,1.3,1.5,0.857,0.2,1.8,2.0,1.2,0.1,0.3,0.8,1.3,6.9,2023,23,22,0.511,5.5,115.5,116.3,-0.64
381,Tyrese Haliburton,PG,22,IND,40,40,33.4,7.3,15.1,0.48,3.0,7.4,0.399,4.3,7.7,0.558,0.578,2.8,3.1,0.88,0.7,3.3,4.0,10.2,1.8,0.4,2.6,1.1,20.2,2023,23,22,0.511,5.5,115.5,116.3,-0.64
382,Buddy Hield,SF,30,IND,45,45,32.0,6.4,14.2,0.45,3.9,9.1,0.426,2.5,5.1,0.493,0.587,1.3,1.4,0.877,0.8,4.1,4.9,2.7,1.0,0.3,1.8,2.0,18.0,2023,23,22,0.511,5.5,115.5,116.3,-0.64
383,Isaiah Jackson,C,21,IND,34,5,15.9,2.7,4.9,0.552,0.0,0.2,0.125,2.6,4.6,0.573,0.555,1.6,2.4,0.691,1.5,2.6,4.1,0.9,0.4,1.4,1.0,2.4,7.0,2023,23,22,0.511,5.5,115.5,116.3,-0.64
385,Bennedict Mathurin,SF,20,IND,45,5,28.1,5.4,12.8,0.422,1.5,4.5,0.33,3.9,8.3,0.472,0.48,4.9,6.1,0.813,1.1,2.9,4.0,1.4,0.6,0.1,1.9,2.0,17.2,2023,23,22,0.511,5.5,115.5,116.3,-0.64
386,T.J. McConnell,PG,30,IND,42,0,17.9,2.8,5.7,0.492,0.3,0.6,0.407,2.5,5.1,0.502,0.515,0.7,0.8,0.906,0.6,2.0,2.7,4.6,1.1,0.1,1.5,1.2,6.6,2023,23,22,0.511,5.5,115.5,116.3,-0.64
387,Andrew Nembhard,SG,23,IND,40,31,27.5,3.3,7.4,0.443,1.3,3.5,0.376,2.0,3.9,0.503,0.532,0.5,0.6,0.909,0.5,2.6,3.1,3.9,1.0,0.2,1.7,2.7,8.4,2023,23,22,0.511,5.5,115.5,116.3,-0.64
388,Aaron Nesmith,SF,23,IND,38,26,23.4,3.3,7.8,0.424,1.4,4.1,0.34,1.9,3.7,0.518,0.513,1.5,1.7,0.891,0.8,3.0,3.8,1.3,0.8,0.4,0.9,3.3,9.5,2023,23,22,0.511,5.5,115.5,116.3,-0.64
389,Trevelin Queen,SG,25,IND,3,0,9.7,0.3,2.7,0.125,0.0,2.0,0.0,0.3,0.7,0.5,0.125,1.0,1.0,1.0,0.7,1.0,1.7,1.0,0.3,0.7,1.0,0.3,1.7,2023,23,22,0.511,5.5,115.5,116.3,-0.64
390,Jalen Smith,PF,22,IND,43,28,19.9,3.7,7.9,0.46,0.9,3.2,0.273,2.8,4.7,0.589,0.516,1.7,2.1,0.772,1.8,4.1,6.0,1.1,0.4,0.9,1.2,2.3,9.8,2023,23,22,0.511,5.5,115.5,116.3,-0.64
391,Terry Taylor,SG,23,IND,20,2,7.8,0.9,2.1,0.415,0.2,0.7,0.231,0.7,1.4,0.5,0.451,0.2,0.3,0.8,0.7,0.8,1.4,0.4,0.1,0.2,0.3,0.8,2.1,2023,23,22,0.511,5.5,115.5,116.3,-0.64
392,Myles Turner,C,26,IND,36,36,30.0,6.2,11.2,0.556,1.5,3.9,0.39,4.7,7.3,0.645,0.624,3.4,4.3,0.788,1.4,6.5,7.9,1.5,0.6,2.3,1.6,3.3,17.4,2023,23,22,0.511,5.5,115.5,116.3,-0.64
393,Bogdan Bogdanović,SG,30,ATL,20,3,31.0,5.8,13.9,0.419,2.9,7.7,0.37,3.0,6.2,0.48,0.522,1.2,1.4,0.821,0.3,3.5,3.7,2.8,0.9,0.3,1.3,1.4,15.6,2023,22,22,0.5,1.5,115.1,115.8,-1.02
395,John Collins,PF,25,ATL,36,36,31.1,5.1,10.3,0.501,0.7,3.2,0.228,4.4,7.1,0.624,0.537,2.1,2.6,0.8,1.2,6.7,7.8,1.2,0.7,1.3,1.3,3.3,13.1,2023,22,22,0.5,1.5,115.1,115.8,-1.02
396,Jarrett Culver,SG,23,ATL,10,1,13.7,1.7,4.3,0.395,0.1,1.2,0.083,1.6,3.1,0.516,0.407,0.9,1.3,0.692,1.0,2.8,3.8,0.6,0.6,0.2,0.7,1.4,4.4,2023,22,22,0.5,1.5,115.1,115.8,-1.02
397,Trent Forrest,PG,24,ATL,15,3,14.1,1.5,3.1,0.478,0.0,0.1,0.0,1.5,2.9,0.5,0.478,0.1,0.2,0.667,0.3,1.4,1.7,1.9,0.4,0.1,0.5,0.9,3.1,2023,22,22,0.5,1.5,115.1,115.8,-1.02
398,AJ Griffin,SF,19,ATL,40,10,20.8,4.0,8.3,0.482,1.6,4.3,0.376,2.4,4.0,0.594,0.579,0.4,0.4,0.875,0.6,1.7,2.2,1.0,0.8,0.2,0.7,1.2,9.9,2023,22,22,0.5,1.5,115.1,115.8,-1.02
399,Aaron Holiday,PG,26,ATL,40,4,15.9,1.7,4.0,0.416,0.6,1.5,0.4,1.1,2.5,0.426,0.491,0.6,0.7,0.846,0.5,1.0,1.4,1.5,0.6,0.2,0.6,1.6,4.5,2023,22,22,0.5,1.5,115.1,115.8,-1.02
401,De'Andre Hunter,SF,25,ATL,36,36,31.9,5.6,12.3,0.454,1.6,4.3,0.374,3.9,7.9,0.497,0.519,2.9,3.5,0.824,0.7,3.7,4.4,1.3,0.4,0.2,1.3,3.0,15.6,2023,22,22,0.5,1.5,115.1,115.8,-1.02
402,Jalen Johnson,SF,21,ATL,41,6,15.2,2.1,4.4,0.478,0.4,1.6,0.273,1.7,2.8,0.596,0.528,0.9,1.2,0.714,0.7,3.0,3.6,1.0,0.5,0.5,0.5,1.6,5.5,2023,22,22,0.5,1.5,115.1,115.8,-1.02
403,Frank Kaminsky,C,29,ATL,22,0,7.4,1.0,1.8,0.575,0.5,1.0,0.5,0.5,0.8,0.667,0.713,0.5,0.5,0.833,0.1,1.5,1.6,0.9,0.1,0.0,0.3,0.9,3.0,2023,22,22,0.5,1.5,115.1,115.8,-1.02
404,Vit Krejci,PG,22,ATL,17,0,6.3,0.6,1.5,0.385,0.3,1.0,0.294,0.3,0.5,0.556,0.481,0.1,0.1,0.5,0.1,0.5,0.6,0.6,0.1,0.1,0.2,0.6,1.5,2023,22,22,0.5,1.5,115.1,115.8,-1.02
405,Tyrese Martin,SG,23,ATL,11,0,3.8,0.5,1.5,0.375,0.1,0.5,0.2,0.5,1.0,0.455,0.406,0.2,0.2,1.0,0.2,0.4,0.5,0.0,0.1,0.0,0.1,0.2,1.4,2023,22,22,0.5,1.5,115.1,115.8,-1.02
406,Dejounte Murray,SG,26,ATL,39,39,36.5,8.1,18.0,0.45,1.9,5.5,0.355,6.2,12.5,0.491,0.504,2.2,2.7,0.837,0.7,4.8,5.5,6.1,1.7,0.3,2.4,1.4,20.4,2023,22,22,0.5,1.5,115.1,115.8,-1.02
407,Onyeka Okongwu,C,22,ATL,43,16,24.9,3.9,6.2,0.619,0.0,0.1,0.0,3.9,6.2,0.626,0.619,1.6,2.1,0.736,2.7,4.8,7.6,1.0,0.7,1.2,1.0,3.2,9.3,2023,22,22,0.5,1.5,115.1,115.8,-1.02
408,Trae Young,PG,24,ATL,39,39,35.7,8.6,20.3,0.424,2.3,7.1,0.33,6.3,13.3,0.474,0.481,7.8,8.8,0.892,0.7,2.2,2.8,9.8,0.9,0.2,4.0,1.6,27.4,2023,22,22,0.5,1.5,115.1,115.8,-1.02
409,Tony Bradley,C,25,CHI,9,0,2.8,0.4,0.8,0.571,0.2,0.4,0.5,0.2,0.3,0.667,0.714,0.2,0.2,1.0,0.1,1.0,1.1,0.1,0.1,0.0,0.1,0.1,1.3,2023,20,24,0.455,8.0,114.5,115.2,0.27
410,Alex Caruso,PG,28,CHI,38,17,24.5,1.9,4.4,0.435,0.9,2.3,0.395,1.0,2.2,0.476,0.536,0.9,1.2,0.75,0.5,2.4,2.9,3.5,1.6,0.7,1.3,2.4,5.6,2023,20,24,0.455,8.0,114.5,115.2,0.27
411,DeMar DeRozan,SF,33,CHI,41,41,36.0,9.3,18.4,0.506,0.4,1.4,0.271,8.9,16.9,0.526,0.517,7.1,8.0,0.887,0.5,4.5,5.0,4.9,1.0,0.5,2.0,2.7,26.1,2023,20,24,0.455,8.0,114.5,115.2,0.27
412,Ayo Dosunmu,SG,23,CHI,42,34,27.7,3.9,7.7,0.5,0.9,2.7,0.327,3.0,5.0,0.592,0.557,0.9,1.2,0.796,0.7,2.4,3.1,2.7,0.8,0.3,1.3,2.5,9.5,2023,20,24,0.455,8.0,114.5,115.2,0.27
413,Goran Dragić,PG,36,CHI,41,0,16.4,2.9,6.6,0.434,1.0,2.7,0.366,1.9,3.9,0.481,0.509,0.6,0.9,0.639,0.3,1.1,1.4,2.8,0.2,0.1,1.2,1.4,7.3,2023,20,24,0.455,8.0,114.5,115.2,0.27
414,Andre Drummond,C,29,CHI,34,0,13.5,2.6,4.4,0.601,0.0,0.1,0.0,2.6,4.3,0.61,0.601,0.9,1.7,0.561,2.2,4.6,6.8,0.7,0.6,0.3,1.1,2.0,6.2,2023,20,24,0.455,8.0,114.5,115.2,0.27
415,Javonte Green,SG,29,CHI,28,1,16.0,2.2,3.7,0.587,0.5,1.2,0.382,1.7,2.5,0.686,0.649,1.0,1.5,0.674,0.9,2.0,2.9,0.8,0.8,0.7,0.7,1.7,5.9,2023,20,24,0.455,8.0,114.5,115.2,0.27
417,Derrick Jones Jr.,SF,25,CHI,33,0,15.1,2.0,3.9,0.519,0.4,1.2,0.35,1.6,2.7,0.596,0.574,1.2,1.5,0.804,0.8,1.6,2.5,0.7,0.5,0.7,0.5,1.5,5.7,2023,20,24,0.455,8.0,114.5,115.2,0.27
418,Zach LaVine,SG,27,CHI,40,40,35.7,8.4,18.2,0.462,3.0,7.9,0.385,5.4,10.3,0.521,0.545,4.1,4.9,0.841,0.6,4.0,4.6,4.3,1.0,0.2,2.5,2.3,23.9,2023,20,24,0.455,8.0,114.5,115.2,0.27
420,Dalen Terry,SG,20,CHI,16,0,3.4,0.3,0.9,0.357,0.1,0.3,0.25,0.3,0.6,0.4,0.393,0.2,0.3,0.75,0.0,0.3,0.3,0.4,0.1,0.1,0.3,0.3,0.9,2023,20,24,0.455,8.0,114.5,115.2,0.27
421,Nikola Vučević,C,32,CHI,44,44,33.6,7.0,13.4,0.524,1.8,4.6,0.383,5.3,8.8,0.596,0.589,1.7,2.0,0.833,2.1,8.8,10.9,3.1,0.7,0.9,1.8,2.0,17.5,2023,20,24,0.455,8.0,114.5,115.2,0.27
422,Coby White,SG,22,CHI,36,0,21.2,2.9,6.9,0.427,1.6,4.5,0.366,1.3,2.4,0.54,0.546,0.8,1.1,0.789,0.2,2.5,2.6,1.9,0.8,0.1,0.8,1.7,8.4,2023,20,24,0.455,8.0,114.5,115.2,0.27
423,Patrick Williams,PF,21,CHI,44,43,29.1,3.7,8.2,0.457,1.5,3.5,0.417,2.3,4.6,0.488,0.547,1.1,1.2,0.889,1.0,3.1,4.1,1.3,0.7,0.8,1.3,2.1,10.0,2023,20,24,0.455,8.0,114.5,115.2,0.27
424,Christian Braun,SG,21,DEN,39,1,13.5,1.3,3.0,0.444,0.3,1.0,0.308,1.0,2.0,0.513,0.496,0.3,0.6,0.565,0.6,1.3,1.9,0.5,0.3,0.2,0.4,1.0,3.3,2023,30,13,0.698,0.0,117.0,113.1,3.54
425,Bruce Brown,SG,26,DEN,42,19,28.6,4.3,8.7,0.493,1.3,3.3,0.393,3.0,5.4,0.555,0.568,1.0,1.3,0.811,0.8,3.3,4.1,3.8,1.0,0.7,1.6,2.3,11.0,2023,30,13,0.698,0.0,117.0,113.1,3.54
426,Kentavious Caldwell-Pope,SG,29,DEN,42,42,31.4,4.1,8.7,0.477,2.1,4.5,0.476,2.0,4.2,0.477,0.6,1.2,1.5,0.825,0.5,2.6,3.0,2.2,1.2,0.3,1.1,2.0,11.7,2023,30,13,0.698,0.0,117.0,113.1,3.54
427,Vlatko Čančar,PF,25,DEN,31,0,14.0,1.9,3.6,0.513,0.9,1.9,0.483,0.9,1.7,0.547,0.642,0.4,0.4,0.923,0.5,1.6,2.1,1.2,0.4,0.2,0.6,1.7,5.1,2023,30,13,0.698,0.0,117.0,113.1,3.54
428,Aaron Gordon,PF,27,DEN,38,38,29.8,6.4,10.7,0.593,1.0,2.5,0.385,5.4,8.2,0.657,0.638,3.0,4.8,0.632,2.4,4.4,6.8,2.4,0.8,0.8,1.6,1.8,16.7,2023,30,13,0.698,0.0,117.0,113.1,3.54
429,Jeff Green,PF,36,DEN,24,3,19.3,2.8,5.4,0.527,0.3,1.3,0.267,2.5,4.1,0.606,0.558,1.5,2.1,0.686,0.9,1.9,2.8,1.1,0.4,0.3,1.0,1.8,7.5,2023,30,13,0.698,0.0,117.0,113.1,3.54
430,Bones Hyland,PG,22,DEN,35,1,20.4,4.5,11.0,0.411,2.5,6.1,0.404,2.1,4.9,0.421,0.523,1.7,2.0,0.843,0.3,2.0,2.3,3.2,0.7,0.3,1.7,1.7,13.2,2023,30,13,0.698,0.0,117.0,113.1,3.54
431,Nikola Jokić,C,27,DEN,39,39,33.4,9.4,15.1,0.62,0.9,2.4,0.37,8.5,12.7,0.666,0.649,5.1,6.3,0.812,2.0,8.9,10.9,9.8,1.4,0.6,3.4,2.8,24.7,2023,30,13,0.698,0.0,117.0,113.1,3.54
432,DeAndre Jordan,C,34,DEN,30,4,14.4,2.0,2.6,0.772,0.0,0.0,1.0,2.0,2.6,0.769,0.778,0.6,1.3,0.447,1.2,3.8,5.1,0.8,0.2,0.6,1.1,1.7,4.7,2023,30,13,0.698,0.0,117.0,113.1,3.54
433,Jamal Murray,PG,25,DEN,36,36,32.0,6.8,15.3,0.446,2.2,5.6,0.384,4.6,9.6,0.483,0.517,2.8,3.5,0.808,0.8,3.3,4.0,5.4,0.9,0.2,2.1,1.4,18.6,2023,30,13,0.698,0.0,117.0,113.1,3.54
434,Zeke Nnaji,PF,22,DEN,33,2,11.7,1.9,3.2,0.615,0.2,0.7,0.217,1.8,2.5,0.728,0.639,0.7,0.9,0.767,1.1,0.7,1.8,0.2,0.2,0.3,0.5,1.7,4.7,2023,30,13,0.698,0.0,117.0,113.1,3.54
435,Michael Porter Jr.,SF,24,DEN,29,29,29.0,6.0,12.8,0.47,2.7,6.8,0.403,3.3,6.0,0.546,0.577,1.5,2.0,0.759,1.1,4.6,5.7,1.2,0.6,0.5,1.2,2.4,16.2,2023,30,13,0.698,0.0,117.0,113.1,3.54
436,Davon Reed,SG,27,DEN,28,1,9.1,0.7,2.2,0.311,0.5,1.3,0.351,0.2,0.9,0.25,0.418,0.5,0.6,0.722,0.3,1.2,1.5,0.6,0.3,0.1,0.5,1.0,2.3,2023,30,13,0.698,0.0,117.0,113.1,3.54
437,Ish Smith,PG,34,DEN,20,0,8.2,1.1,2.7,0.396,0.1,0.3,0.333,1.0,2.4,0.404,0.415,0.1,0.1,0.5,0.1,0.8,0.8,1.7,0.3,0.3,0.9,0.6,2.3,2023,30,13,0.698,0.0,117.0,113.1,3.54
440,Malcolm Brogdon,PG,30,BOS,39,0,23.8,4.9,10.1,0.485,1.9,4.2,0.454,3.0,5.9,0.507,0.579,2.5,2.8,0.89,0.7,3.4,4.1,3.7,0.6,0.2,1.5,1.4,14.1,2023,33,12,0.733,0.0,118.8,112.3,6.08
441,Jaylen Brown,SF,26,BOS,40,40,35.5,10.2,20.4,0.498,2.5,7.5,0.329,7.7,13.0,0.595,0.558,4.4,5.5,0.795,1.2,5.9,7.1,3.2,1.1,0.5,3.1,2.8,27.2,2023,33,12,0.733,0.0,118.8,112.3,6.08
443,Blake Griffin,C,33,BOS,17,8,14.4,1.7,3.5,0.492,0.5,1.5,0.32,1.2,2.0,0.618,0.559,0.9,1.2,0.714,0.9,2.8,3.6,1.2,0.3,0.1,0.4,1.9,4.8,2023,33,12,0.733,0.0,118.8,112.3,6.08
444,Sam Hauser,PF,25,BOS,45,0,14.6,2.0,4.4,0.44,1.5,3.8,0.396,0.5,0.7,0.677,0.608,0.2,0.3,0.615,0.4,1.9,2.4,0.7,0.3,0.2,0.3,1.1,5.6,2023,33,12,0.733,0.0,118.8,112.3,6.08
445,Al Horford,C,36,BOS,35,35,30.5,3.6,7.4,0.488,2.1,4.7,0.442,1.5,2.7,0.57,0.63,0.2,0.3,0.6,1.1,5.1,6.2,2.7,0.5,0.9,0.6,1.8,9.5,2023,33,12,0.733,0.0,118.8,112.3,6.08
446,Justin Jackson,SF,27,BOS,19,0,4.4,0.3,1.2,0.227,0.2,0.8,0.25,0.1,0.3,0.167,0.318,0.1,0.1,0.5,0.1,0.4,0.5,0.4,0.2,0.2,0.1,0.3,0.8,2023,33,12,0.733,0.0,118.8,112.3,6.08
448,Luke Kornet,C,27,BOS,38,0,11.8,1.7,2.4,0.692,0.1,0.2,0.429,1.6,2.2,0.714,0.709,0.4,0.5,0.85,1.3,1.8,3.2,0.7,0.2,0.8,0.4,1.3,3.8,2023,33,12,0.733,0.0,118.8,112.3,6.08
449,Payton Pritchard,PG,25,BOS,30,1,10.7,1.7,4.3,0.406,0.8,2.4,0.329,0.9,1.8,0.509,0.5,0.3,0.4,0.667,0.5,0.8,1.4,0.9,0.3,0.0,0.7,0.5,4.5,2023,33,12,0.733,0.0,118.8,112.3,6.08
450,Marcus Smart,PG,28,BOS,39,39,32.7,4.0,9.5,0.419,1.8,5.5,0.329,2.2,4.1,0.541,0.513,1.4,1.8,0.775,0.7,2.7,3.4,7.3,1.3,0.4,2.3,2.7,11.2,2023,33,12,0.733,0.0,118.8,112.3,6.08
451,Jayson Tatum,PF,24,BOS,43,43,36.8,10.2,21.6,0.471,3.3,9.4,0.352,6.9,12.2,0.563,0.548,7.4,8.6,0.867,1.1,7.2,8.3,4.3,1.0,0.8,2.6,2.1,31.1,2023,33,12,0.733,0.0,118.8,112.3,6.08
452,Noah Vonleh,C,27,BOS,23,1,7.4,0.5,1.0,0.458,0.0,0.2,0.25,0.4,0.9,0.5,0.479,0.1,0.1,1.0,0.8,1.3,2.1,0.3,0.1,0.3,0.5,1.5,1.1,2023,33,12,0.733,0.0,118.8,112.3,6.08
453,Derrick White,SG,28,BOS,45,38,26.2,3.4,7.6,0.45,1.6,4.1,0.378,1.8,3.4,0.535,0.553,1.7,2.0,0.865,0.6,2.5,3.1,3.4,0.7,0.9,1.0,2.3,10.1,2023,33,12,0.733,0.0,118.8,112.3,6.08
454,Grant Williams,PF,24,BOS,44,16,27.8,3.1,6.3,0.489,1.5,3.7,0.405,1.6,2.6,0.611,0.609,1.3,1.5,0.862,1.1,3.7,4.8,1.8,0.7,0.4,0.9,2.5,8.9,2023,33,12,0.733,0.0,118.8,112.3,6.08
456,Greg Brown III,PF,21,POR,13,0,6.3,0.8,1.8,0.458,0.1,0.5,0.167,0.8,1.4,0.556,0.479,0.4,0.9,0.417,0.2,1.2,1.4,0.1,0.3,0.4,0.5,0.8,2.2,2023,21,22,0.488,9.0,113.3,112.6,0.42
458,Drew Eubanks,C,25,POR,41,5,18.2,2.3,3.1,0.734,0.1,0.1,0.75,2.2,3.0,0.734,0.746,0.9,1.3,0.679,1.5,2.9,4.3,1.0,0.5,1.0,0.8,2.1,5.5,2023,21,22,0.488,9.0,113.3,112.6,0.42
459,Jerami Grant,PF,28,POR,41,41,35.7,7.4,15.0,0.493,2.5,5.9,0.428,4.9,9.1,0.535,0.577,4.4,5.6,0.794,1.0,3.3,4.3,2.5,0.9,0.8,1.9,2.4,21.7,2023,21,22,0.488,9.0,113.3,112.6,0.42
460,Josh Hart,SF,27,POR,41,41,34.3,3.6,7.2,0.503,0.7,2.0,0.333,2.9,5.1,0.571,0.551,1.8,2.4,0.742,2.0,6.4,8.4,4.1,1.1,0.2,1.7,2.7,9.7,2023,21,22,0.488,9.0,113.3,112.6,0.42
461,Keon Johnson,SG,20,POR,22,0,11.5,1.8,4.9,0.361,0.8,2.3,0.333,1.0,2.6,0.386,0.44,0.2,0.6,0.385,0.3,1.2,1.5,1.0,0.5,0.2,1.2,1.2,4.5,2023,21,22,0.488,9.0,113.3,112.6,0.42
462,Damian Lillard,PG,32,POR,31,31,35.6,8.9,19.7,0.45,3.9,10.8,0.361,5.0,8.9,0.558,0.549,7.2,8.1,0.892,0.6,3.3,3.9,7.1,0.9,0.3,3.2,1.9,28.8,2023,21,22,0.488,9.0,113.3,112.6,0.42
463,Nassir Little,SF,22,POR,22,0,15.4,2.1,4.4,0.474,0.9,2.2,0.396,1.2,2.2,0.551,0.572,0.7,1.0,0.652,0.4,2.0,2.3,0.9,0.4,0.2,0.6,0.9,5.7,2023,21,22,0.488,9.0,113.3,112.6,0.42
464,Jusuf Nurkić,C,28,POR,38,38,28.5,5.5,10.2,0.535,0.9,2.2,0.402,4.6,8.1,0.57,0.577,2.9,4.2,0.689,2.4,7.6,10.0,3.0,0.9,0.9,2.6,3.7,14.7,2023,21,22,0.488,9.0,113.3,112.6,0.42
466,Shaedon Sharpe,SG,19,POR,42,5,19.7,3.1,6.5,0.469,0.9,2.5,0.34,2.2,4.0,0.55,0.535,0.5,0.9,0.611,0.8,1.7,2.5,0.5,0.4,0.2,0.7,1.6,7.5,2023,21,22,0.488,9.0,113.3,112.6,0.42
467,Anfernee Simons,SG,23,POR,41,41,35.8,7.7,17.5,0.442,3.7,9.8,0.374,4.1,7.7,0.527,0.546,2.8,3.1,0.898,0.3,2.6,2.9,4.0,0.8,0.3,2.1,2.5,21.9,2023,21,22,0.488,9.0,113.3,112.6,0.42
468,Jabari Walker,SF,20,POR,27,0,9.2,0.9,2.2,0.407,0.1,0.6,0.188,0.8,1.6,0.488,0.432,0.5,0.8,0.667,1.0,1.4,2.4,0.6,0.1,0.2,0.4,1.3,2.4,2023,21,22,0.488,9.0,113.3,112.6,0.42
469,Trendon Watford,PF,22,POR,30,2,15.8,1.7,3.2,0.542,0.3,0.8,0.333,1.5,2.4,0.611,0.583,1.2,1.5,0.783,0.7,2.9,3.6,1.5,0.4,0.1,0.9,1.8,4.9,2023,21,22,0.488,9.0,113.3,112.6,0.42
470,Justise Winslow,SF,26,POR,29,11,26.8,2.8,6.8,0.409,0.5,1.6,0.311,2.3,5.3,0.438,0.444,0.7,1.0,0.714,1.7,3.3,5.0,3.4,1.0,0.4,1.5,3.1,6.8,2023,21,22,0.488,9.0,113.3,112.6,0.42
472,Joel Embiid,C,28,PHI,32,32,34.9,11.2,20.9,0.536,1.1,3.1,0.35,10.1,17.8,0.569,0.562,9.9,11.6,0.855,1.7,8.1,9.8,4.3,1.1,1.7,3.7,3.3,33.4,2023,27,16,0.628,5.0,113.8,110.2,3.03
474,James Harden,PG,33,PHI,28,28,37.1,6.9,15.3,0.449,2.9,7.4,0.389,4.0,7.9,0.505,0.543,5.6,6.5,0.868,0.6,5.9,6.5,11.2,1.3,0.6,3.5,2.2,22.3,2023,27,16,0.628,5.0,113.8,110.2,3.03
475,Montrezl Harrell,C,29,PHI,39,6,12.5,2.3,3.9,0.583,0.0,0.1,0.0,2.3,3.8,0.591,0.583,1.4,1.9,0.72,1.2,1.6,2.7,0.7,0.3,0.5,0.7,1.4,5.9,2023,27,16,0.628,5.0,113.8,110.2,3.03
476,Tobias Harris,PF,30,PHI,39,39,34.1,6.4,13.0,0.496,1.9,5.1,0.374,4.5,7.9,0.575,0.569,1.5,1.8,0.87,1.1,5.2,6.3,2.6,1.0,0.6,1.3,2.1,16.3,2023,27,16,0.628,5.0,113.8,110.2,3.03
477,Danuel House Jr.,SF,29,PHI,32,2,16.4,1.7,3.5,0.473,0.7,2.1,0.333,1.0,1.4,0.674,0.571,0.8,1.1,0.75,0.2,1.8,2.0,0.8,0.2,0.2,0.5,1.3,4.8,2023,27,16,0.628,5.0,113.8,110.2,3.03
478,Furkan Korkmaz,SG,25,PHI,23,0,10.9,1.3,3.3,0.395,0.5,1.5,0.343,0.8,1.8,0.439,0.474,0.8,1.3,0.655,0.2,1.0,1.2,0.8,0.3,0.1,0.7,0.4,4.0,2023,27,16,0.628,5.0,113.8,110.2,3.03
480,Tyrese Maxey,SG,22,PHI,24,21,34.4,7.6,16.8,0.452,2.5,6.4,0.39,5.1,10.4,0.49,0.526,3.2,4.0,0.784,0.4,2.6,3.0,3.9,0.9,0.2,1.8,2.2,20.8,2023,27,16,0.628,5.0,113.8,110.2,3.03
481,De'Anthony Melton,PG,24,PHI,40,31,29.5,4.1,9.8,0.42,2.4,6.0,0.395,1.8,3.9,0.458,0.539,0.6,0.8,0.71,1.0,3.6,4.6,3.0,1.9,0.5,1.5,2.4,11.2,2023,27,16,0.628,5.0,113.8,110.2,3.03
482,Shake Milton,SG,26,PHI,39,9,23.6,4.0,7.9,0.506,0.9,2.3,0.389,3.1,5.6,0.555,0.563,1.4,1.7,0.833,0.5,2.5,3.0,3.3,0.3,0.2,1.5,1.8,10.4,2023,27,16,0.628,5.0,113.8,110.2,3.03
483,Georges Niang,PF,29,PHI,41,0,19.8,3.1,7.1,0.443,2.3,5.6,0.408,0.9,1.5,0.571,0.603,0.6,0.7,0.926,0.3,2.0,2.3,1.1,0.4,0.2,0.8,2.0,9.2,2023,27,16,0.628,5.0,113.8,110.2,3.03
484,Paul Reed,C,23,PHI,34,0,10.0,1.4,2.5,0.56,0.0,0.1,0.0,1.4,2.4,0.588,0.56,0.4,0.5,0.778,1.4,2.1,3.4,0.4,0.7,0.6,0.6,2.0,3.2,2023,27,16,0.628,5.0,113.8,110.2,3.03
486,Matisse Thybulle,SG,25,PHI,39,6,12.1,1.0,2.3,0.418,0.4,1.3,0.308,0.6,1.0,0.564,0.505,0.1,0.2,0.5,0.3,0.9,1.2,0.5,0.8,0.3,0.2,1.3,2.4,2023,27,16,0.628,5.0,113.8,110.2,3.03
487,P.J. Tucker,PF,37,PHI,41,41,27.0,1.2,3.0,0.405,0.7,1.7,0.38,0.5,1.2,0.44,0.517,0.3,0.3,0.857,1.3,3.0,4.2,0.8,0.5,0.2,0.8,2.5,3.3,2023,27,16,0.628,5.0,113.8,110.2,3.03
488,Josh Christopher,SG,21,HOU,26,0,7.5,1.1,3.0,0.359,0.2,1.1,0.143,0.9,1.9,0.48,0.385,0.3,0.5,0.75,0.2,0.8,1.0,0.7,0.2,0.1,0.6,0.7,2.7,2023,10,34,0.227,20.5,109.6,117.5,-7.63
489,Tari Eason,PF,21,HOU,44,0,18.7,3.1,7.0,0.438,0.8,2.0,0.375,2.3,5.0,0.464,0.492,1.1,1.4,0.8,2.0,3.3,5.3,0.9,1.1,0.5,0.9,2.2,8.0,2023,10,34,0.227,20.5,109.6,117.5,-7.63
490,Bruno Fernando,C,24,HOU,22,4,11.2,1.4,2.5,0.554,0.0,0.0,0.0,1.4,2.5,0.564,0.554,0.8,1.3,0.621,1.4,2.1,3.5,1.0,0.2,0.7,0.5,2.1,3.6,2023,10,34,0.227,20.5,109.6,117.5,-7.63
491,Usman Garuba,PF,20,HOU,42,1,14.2,1.3,2.4,0.525,0.2,0.5,0.409,1.0,1.9,0.557,0.569,0.5,0.8,0.559,1.8,2.9,4.7,1.0,0.7,0.5,0.7,1.8,3.2,2023,10,34,0.227,20.5,109.6,117.5,-7.63
492,Eric Gordon,SG,34,HOU,38,38,29.7,4.1,9.6,0.427,1.8,5.2,0.352,2.3,4.4,0.515,0.522,2.2,2.7,0.812,0.3,1.7,1.9,2.6,0.5,0.3,1.5,0.8,12.2,2023,10,34,0.227,20.5,109.6,117.5,-7.63
493,Jalen Green,SG,20,HOU,43,43,34.6,7.2,17.7,0.405,2.4,7.5,0.325,4.7,10.2,0.464,0.474,4.7,5.9,0.791,0.6,3.7,4.3,3.6,0.8,0.2,2.9,1.7,21.5,2023,10,34,0.227,20.5,109.6,117.5,-7.63
495,Boban Marjanović,C,34,HOU,15,0,4.0,1.0,1.5,0.682,0.0,0.1,0.0,1.0,1.4,0.714,0.682,0.7,0.9,0.786,0.5,1.0,1.5,0.2,0.1,0.1,0.3,0.1,2.7,2023,10,34,0.227,20.5,109.6,117.5,-7.63
496,Kenyon Martin Jr.,SF,22,HOU,44,11,24.6,4.3,7.9,0.55,0.9,2.9,0.325,3.4,5.0,0.679,0.61,1.4,2.3,0.626,1.4,3.6,4.9,1.3,0.4,0.3,1.1,1.7,11.0,2023,10,34,0.227,20.5,109.6,117.5,-7.63
497,Garrison Mathews,SG,26,HOU,37,0,12.8,1.3,3.7,0.355,1.2,3.4,0.357,0.1,0.3,0.333,0.518,0.9,1.0,0.944,0.2,1.1,1.3,0.5,0.6,0.1,0.4,1.3,4.8,2023,10,34,0.227,20.5,109.6,117.5,-7.63
498,Daishen Nix,PG,20,HOU,35,1,14.0,1.1,3.1,0.355,0.7,2.1,0.329,0.4,1.0,0.412,0.467,0.5,0.7,0.68,0.3,1.2,1.5,2.4,0.7,0.1,1.4,0.9,3.3,2023,10,34,0.227,20.5,109.6,117.5,-7.63
499,Kevin Porter Jr.,PG,22,HOU,40,40,34.0,6.7,15.4,0.437,2.2,6.4,0.346,4.5,9.0,0.501,0.509,3.5,4.6,0.766,1.4,4.1,5.5,5.6,1.3,0.4,3.6,2.7,19.2,2023,10,34,0.227,20.5,109.6,117.5,-7.63
500,Alperen Şengün,C,20,HOU,40,37,27.1,5.9,10.4,0.564,0.2,0.7,0.286,5.7,9.7,0.584,0.573,3.0,3.9,0.768,3.3,5.4,8.7,3.1,0.8,1.0,2.3,3.4,14.9,2023,10,34,0.227,20.5,109.6,117.5,-7.63
501,Jabari Smith Jr.,PF,19,HOU,43,43,29.9,4.3,11.0,0.39,1.8,5.7,0.316,2.5,5.3,0.47,0.472,1.7,2.2,0.798,1.2,5.7,7.0,1.0,0.6,0.9,1.3,3.1,12.1,2023,10,34,0.227,20.5,109.6,117.5,-7.63
502,Jae'Sean Tate,SF,27,HOU,8,2,20.1,2.8,6.6,0.415,0.5,1.8,0.286,2.3,4.9,0.462,0.453,0.8,0.9,0.857,1.6,1.6,3.3,3.5,1.1,0.1,1.3,3.4,6.8,2023,10,34,0.227,20.5,109.6,117.5,-7.63
503,TyTy Washington Jr.,PG,21,HOU,13,0,10.8,1.3,3.8,0.34,0.2,1.8,0.13,1.1,2.1,0.519,0.37,0.2,0.5,0.5,0.1,1.2,1.2,1.3,0.4,0.0,0.3,1.2,3.1,2023,10,34,0.227,20.5,109.6,117.5,-7.63
